[{"model": "admin.logentry", "pk": 1, "fields": {"action_time": "2022-01-01T01:05:30.398Z", "user": 1, "content_type": 4, "object_id": "2", "object_repr": "john", "action_flag": 1, "change_message": "[{\"added\": {}}]"}}, {"model": "admin.logentry", "pk": 2, "fields": {"action_time": "2022-01-01T01:06:16.893Z", "user": 1, "content_type": 4, "object_id": "2", "object_repr": "regan", "action_flag": 2, "change_message": "[{\"changed\": {\"fields\": [\"Username\", \"First name\", \"Last name\", \"Email address\", \"Last login\", \"Date joined\"]}}]"}}, {"model": "admin.logentry", "pk": 3, "fields": {"action_time": "2022-01-01T01:06:26.191Z", "user": 1, "content_type": 4, "object_id": "1", "object_repr": "desphixs@gmail.com", "action_flag": 2, "change_message": "[{\"changed\": {\"fields\": [\"Username\", \"First name\", \"Last name\"]}}]"}}, {"model": "admin.logentry", "pk": 4, "fields": {"action_time": "2022-01-01T01:06:37.798Z", "user": 1, "content_type": 4, "object_id": "1", "object_repr": "destiny", "action_flag": 2, "change_message": "[{\"changed\": {\"fields\": [\"Username\"]}}]"}}, {"model": "admin.logentry", "pk": 5, "fields": {"action_time": "2022-01-01T01:06:52.925Z", "user": 1, "content_type": 4, "object_id": "3", "object_repr": "karen", "action_flag": 1, "change_message": "[{\"added\": {}}]"}}, {"model": "admin.logentry", "pk": 6, "fields": {"action_time": "2022-01-01T01:07:11.859Z", "user": 1, "content_type": 4, "object_id": "3", "object_repr": "karen", "action_flag": 2, "change_message": "[{\"changed\": {\"fields\": [\"First name\", \"Last name\", \"Email address\", \"Last login\", \"Date joined\"]}}]"}}, {"model": "admin.logentry", "pk": 7, "fields": {"action_time": "2022-01-01T01:07:24.175Z", "user": 1, "content_type": 4, "object_id": "4", "object_repr": "prince", "action_flag": 1, "change_message": "[{\"added\": {}}]"}}, {"model": "admin.logentry", "pk": 8, "fields": {"action_time": "2022-01-01T01:07:40.083Z", "user": 1, "content_type": 4, "object_id": "4", "object_repr": "prince", "action_flag": 2, "change_message": "[{\"changed\": {\"fields\": [\"First name\", \"Last name\", \"Email address\", \"Active\", \"Staff status\", \"Superuser status\", \"Last login\", \"Date joined\"]}}]"}}, {"model": "admin.logentry", "pk": 9, "fields": {"action_time": "2022-01-01T01:08:59.715Z", "user": 1, "content_type": 21, "object_id": "1", "object_repr": "Follow object (1)", "action_flag": 1, "change_message": "[{\"added\": {}}]"}}, {"model": "admin.logentry", "pk": 10, "fields": {"action_time": "2022-01-01T01:09:10.696Z", "user": 1, "content_type": 21, "object_id": "2", "object_repr": "Follow object (2)", "action_flag": 1, "change_message": "[{\"added\": {}}]"}}, {"model": "admin.logentry", "pk": 11, "fields": {"action_time": "2022-01-01T01:09:16.240Z", "user": 1, "content_type": 21, "object_id": "3", "object_repr": "Follow object (3)", "action_flag": 1, "change_message": "[{\"added\": {}}]"}}, {"model": "admin.logentry", "pk": 12, "fields": {"action_time": "2022-01-01T01:10:33.210Z", "user": 1, "content_type": 20, "object_id": "1", "object_repr": "ui&ux", "action_flag": 1, "change_message": "[{\"added\": {}}]"}}, {"model": "admin.logentry", "pk": 13, "fields": {"action_time": "2022-01-01T01:10:39.065Z", "user": 1, "content_type": 20, "object_id": "2", "object_repr": "design", "action_flag": 1, "change_message": "[{\"added\": {}}]"}}, {"model": "admin.logentry", "pk": 14, "fields": {"action_time": "2022-01-01T01:10:43.871Z", "user": 1, "content_type": 20, "object_id": "3", "object_repr": "photoshop", "action_flag": 1, "change_message": "[{\"added\": {}}]"}}, {"model": "admin.logentry", "pk": 15, "fields": {"action_time": "2022-01-01T01:32:00.557Z", "user": 1, "content_type": 23, "object_id": "2b0687fc-18bb-4052-8a74-009932e8479f", "object_repr": "Post object (2b0687fc-18bb-4052-8a74-009932e8479f)", "action_flag": 1, "change_message": "[{\"added\": {}}]"}}, {"model": "admin.logentry", "pk": 16, "fields": {"action_time": "2022-01-01T01:32:46.792Z", "user": 1, "content_type": 23, "object_id": "6b0b575e-d89a-46d6-9bc7-ba22f5e47b82", "object_repr": "2022-01-01", "action_flag": 1, "change_message": "[{\"added\": {}}]"}}, {"model": "admin.logentry", "pk": 17, "fields": {"action_time": "2022-01-01T01:33:34.881Z", "user": 1, "content_type": 23, "object_id": "6b0b575e-d89a-46d6-9bc7-ba22f5e47b82", "object_repr": "Amazing Pic", "action_flag": 2, "change_message": "[{\"changed\": {\"fields\": [\"Caption\"]}}]"}}, {"model": "admin.logentry", "pk": 18, "fields": {"action_time": "2022-01-01T01:34:08.677Z", "user": 1, "content_type": 21, "object_id": "1", "object_repr": "Follow object (1)", "action_flag": 3, "change_message": ""}}, {"model": "admin.logentry", "pk": 19, "fields": {"action_time": "2022-01-01T01:35:20.582Z", "user": 1, "content_type": 21, "object_id": "4", "object_repr": "Follow object (4)", "action_flag": 1, "change_message": "[{\"added\": {}}]"}}, {"model": "admin.logentry", "pk": 20, "fields": {"action_time": "2022-01-01T01:35:47.056Z", "user": 1, "content_type": 23, "object_id": "3b0e367f-e284-459c-abc9-d2d0704ebeff", "object_repr": "In quibusdam", "action_flag": 1, "change_message": "[{\"added\": {}}]"}}, {"model": "admin.logentry", "pk": 21, "fields": {"action_time": "2022-02-07T19:29:33.673Z", "user": 1, "content_type": 23, "object_id": "3b0e367f-e284-459c-abc9-d2d0704ebeff", "object_repr": "In quibusdamIn quibusdamIn quibusdamIn quibusdamIn quibusdam", "action_flag": 2, "change_message": "[{\"changed\": {\"fields\": [\"Caption\"]}}]"}}, {"model": "admin.logentry", "pk": 22, "fields": {"action_time": "2022-02-07T19:48:47.071Z", "user": 1, "content_type": 4, "object_id": "4", "object_repr": "prince", "action_flag": 2, "change_message": "[{\"changed\": {\"fields\": [\"Active\"]}}]"}}, {"model": "admin.logentry", "pk": 23, "fields": {"action_time": "2022-02-07T19:48:54.290Z", "user": 1, "content_type": 4, "object_id": "3", "object_repr": "karen", "action_flag": 2, "change_message": "[{\"changed\": {\"fields\": [\"Staff status\", \"Superuser status\"]}}]"}}, {"model": "admin.logentry", "pk": 24, "fields": {"action_time": "2022-02-07T19:50:01.972Z", "user": 3, "content_type": 21, "object_id": "5", "object_repr": "Follow object (5)", "action_flag": 1, "change_message": "[{\"added\": {}}]"}}, {"model": "admin.logentry", "pk": 25, "fields": {"action_time": "2022-02-07T19:50:24.073Z", "user": 3, "content_type": 21, "object_id": "6", "object_repr": "Follow object (6)", "action_flag": 1, "change_message": "[{\"added\": {}}]"}}, {"model": "admin.logentry", "pk": 26, "fields": {"action_time": "2022-02-08T11:28:08.176Z", "user": 1, "content_type": 23, "object_id": "518c246b-4902-40fa-8b0e-2e2612b4f245", "object_repr": "hi", "action_flag": 2, "change_message": "[{\"changed\": {\"fields\": [\"Like\"]}}]"}}, {"model": "admin.logentry", "pk": 27, "fields": {"action_time": "2022-02-08T11:50:59.292Z", "user": 1, "content_type": 17, "object_id": "1", "object_repr": "destiny - Profile", "action_flag": 1, "change_message": "[{\"added\": {}}]"}}, {"model": "admin.logentry", "pk": 28, "fields": {"action_time": "2022-02-08T12:08:38.687Z", "user": 1, "content_type": 25, "object_id": "1", "object_repr": "Profile object (1)", "action_flag": 1, "change_message": "[{\"added\": {}}]"}}, {"model": "admin.logentry", "pk": 29, "fields": {"action_time": "2022-02-10T13:42:05.363Z", "user": 1, "content_type": 4, "object_id": "5", "object_repr": "bityho", "action_flag": 1, "change_message": "[{\"added\": {}}]"}}, {"model": "admin.logentry", "pk": 30, "fields": {"action_time": "2022-02-10T13:42:41.011Z", "user": 1, "content_type": 25, "object_id": "2", "object_repr": "bityho - Profile", "action_flag": 1, "change_message": "[{\"added\": {}}]"}}, {"model": "admin.logentry", "pk": 31, "fields": {"action_time": "2022-02-10T13:43:12.822Z", "user": 1, "content_type": 20, "object_id": "16", "object_repr": "hello, come, go", "action_flag": 1, "change_message": "[{\"added\": {}}]"}}, {"model": "admin.logentry", "pk": 32, "fields": {"action_time": "2022-02-10T13:43:24.772Z", "user": 1, "content_type": 23, "object_id": "50fdfaa8-0a66-4407-8944-6227da633bfc", "object_repr": "New post from me", "action_flag": 1, "change_message": "[{\"added\": {}}]"}}, {"model": "admin.logentry", "pk": 33, "fields": {"action_time": "2022-02-10T13:43:45.367Z", "user": 1, "content_type": 23, "object_id": "3b2194ed-0a42-4209-9bca-c1df8958c31b", "object_repr": "Accusamus l", "action_flag": 1, "change_message": "[{\"added\": {}}]"}}, {"model": "admin.logentry", "pk": 34, "fields": {"action_time": "2022-02-10T13:44:15.422Z", "user": 1, "content_type": 23, "object_id": "6789b736-2431-45ed-820d-9761fbeaffec", "object_repr": "In sunt dignissimos a pariatur Odio harum", "action_flag": 1, "change_message": "[{\"added\": {}}]"}}, {"model": "admin.logentry", "pk": 35, "fields": {"action_time": "2022-02-10T13:44:31.086Z", "user": 1, "content_type": 23, "object_id": "48d1d750-9fd7-4c64-b4a2-885e6c5b4971", "object_repr": "Velit nostrud vitae tempore cupiditate non elit rerum ipsam in repellendus Temporibus libero duis sapiente qui ad nulla iusto", "action_flag": 1, "change_message": "[{\"added\": {}}]"}}, {"model": "admin.logentry", "pk": 36, "fields": {"action_time": "2022-02-10T14:03:34.705Z", "user": 1, "content_type": 21, "object_id": "7", "object_repr": "Follow object (7)", "action_flag": 1, "change_message": "[{\"added\": {}}]"}}, {"model": "admin.logentry", "pk": 37, "fields": {"action_time": "2022-02-11T15:49:25.662Z", "user": 1, "content_type": 25, "object_id": "1", "object_repr": "destiny - Profile", "action_flag": 2, "change_message": "[{\"changed\": {\"fields\": [\"First name\", \"Last name\", \"Bio\", \"Location\", \"Url\"]}}]"}}, {"model": "admin.logentry", "pk": 38, "fields": {"action_time": "2022-02-11T15:51:19.851Z", "user": 1, "content_type": 25, "object_id": "2", "object_repr": "bityho - Profile", "action_flag": 2, "change_message": "[{\"changed\": {\"fields\": [\"Image\", \"First name\", \"Last name\", \"Bio\", \"Location\", \"Url\", \"Favourite\"]}}]"}}, {"model": "admin.logentry", "pk": 39, "fields": {"action_time": "2022-02-11T15:56:03.778Z", "user": 1, "content_type": 25, "object_id": "1", "object_repr": "destiny - Profile", "action_flag": 2, "change_message": "[{\"changed\": {\"fields\": [\"Image\"]}}]"}}, {"model": "admin.logentry", "pk": 40, "fields": {"action_time": "2022-02-11T20:47:30.490Z", "user": 3, "content_type": 25, "object_id": "3", "object_repr": "karen - Profile", "action_flag": 2, "change_message": "[{\"changed\": {\"fields\": [\"Image\", \"First name\", \"Last name\", \"Bio\", \"Location\", \"Url\", \"Favourite\"]}}]"}}, {"model": "admin.logentry", "pk": 41, "fields": {"action_time": "2022-02-12T16:17:18.645Z", "user": 3, "content_type": 27, "object_id": "1", "object_repr": "Message object (1)", "action_flag": 1, "change_message": "[{\"added\": {}}]"}}, {"model": "admin.logentry", "pk": 42, "fields": {"action_time": "2022-02-12T16:20:09.587Z", "user": 3, "content_type": 27, "object_id": "2", "object_repr": "Message object (2)", "action_flag": 1, "change_message": "[{\"added\": {}}]"}}, {"model": "admin.logentry", "pk": 43, "fields": {"action_time": "2022-02-12T16:23:30.905Z", "user": 1, "content_type": 27, "object_id": "3", "object_repr": "Message object (3)", "action_flag": 1, "change_message": "[{\"added\": {}}]"}}, {"model": "admin.logentry", "pk": 44, "fields": {"action_time": "2022-02-12T16:23:49.841Z", "user": 1, "content_type": 27, "object_id": "4", "object_repr": "Message object (4)", "action_flag": 1, "change_message": "[{\"added\": {}}]"}}, {"model": "admin.logentry", "pk": 45, "fields": {"action_time": "2022-02-12T16:29:11.878Z", "user": 1, "content_type": 27, "object_id": "5", "object_repr": "Message object (5)", "action_flag": 1, "change_message": "[{\"added\": {}}]"}}, {"model": "admin.logentry", "pk": 46, "fields": {"action_time": "2022-02-12T16:33:20.460Z", "user": 1, "content_type": 27, "object_id": "1", "object_repr": "Message object (1)", "action_flag": 2, "change_message": "[]"}}, {"model": "admin.logentry", "pk": 47, "fields": {"action_time": "2022-02-12T16:33:30.321Z", "user": 1, "content_type": 27, "object_id": "6", "object_repr": "Message object (6)", "action_flag": 1, "change_message": "[{\"added\": {}}]"}}, {"model": "admin.logentry", "pk": 48, "fields": {"action_time": "2022-02-12T16:33:44.569Z", "user": 1, "content_type": 27, "object_id": "6", "object_repr": "Message object (6)", "action_flag": 2, "change_message": "[{\"changed\": {\"fields\": [\"Recipient\"]}}]"}}, {"model": "admin.logentry", "pk": 49, "fields": {"action_time": "2022-02-12T16:35:42.335Z", "user": 1, "content_type": 27, "object_id": "7", "object_repr": "Message object (7)", "action_flag": 1, "change_message": "[{\"added\": {}}]"}}, {"model": "admin.logentry", "pk": 50, "fields": {"action_time": "2022-02-12T16:35:53.787Z", "user": 1, "content_type": 27, "object_id": "8", "object_repr": "Message object (8)", "action_flag": 1, "change_message": "[{\"added\": {}}]"}}, {"model": "admin.logentry", "pk": 51, "fields": {"action_time": "2022-02-12T16:36:04.114Z", "user": 1, "content_type": 27, "object_id": "8", "object_repr": "Message object (8)", "action_flag": 2, "change_message": "[{\"changed\": {\"fields\": [\"Recipient\"]}}]"}}, {"model": "admin.logentry", "pk": 52, "fields": {"action_time": "2022-02-12T16:39:19.717Z", "user": 1, "content_type": 27, "object_id": "9", "object_repr": "Message object (9)", "action_flag": 1, "change_message": "[{\"added\": {}}]"}}, {"model": "admin.logentry", "pk": 53, "fields": {"action_time": "2022-02-12T16:39:30.384Z", "user": 1, "content_type": 27, "object_id": "9", "object_repr": "Message object (9)", "action_flag": 2, "change_message": "[{\"changed\": {\"fields\": [\"Recipient\"]}}]"}}, {"model": "admin.logentry", "pk": 54, "fields": {"action_time": "2022-02-12T16:39:40.487Z", "user": 1, "content_type": 27, "object_id": "9", "object_repr": "Message object (9)", "action_flag": 2, "change_message": "[{\"changed\": {\"fields\": [\"User\", \"Recipient\"]}}]"}}, {"model": "admin.logentry", "pk": 55, "fields": {"action_time": "2022-02-12T16:40:28.806Z", "user": 1, "content_type": 27, "object_id": "10", "object_repr": "Message object (10)", "action_flag": 1, "change_message": "[{\"added\": {}}]"}}, {"model": "admin.logentry", "pk": 56, "fields": {"action_time": "2022-02-12T16:40:59.824Z", "user": 1, "content_type": 27, "object_id": "10", "object_repr": "Message object (10)", "action_flag": 2, "change_message": "[{\"changed\": {\"fields\": [\"User\", \"Recipient\"]}}]"}}, {"model": "admin.logentry", "pk": 57, "fields": {"action_time": "2022-02-12T16:41:28.729Z", "user": 3, "content_type": 27, "object_id": "11", "object_repr": "Message object (11)", "action_flag": 1, "change_message": "[{\"added\": {}}]"}}, {"model": "admin.logentry", "pk": 58, "fields": {"action_time": "2022-02-12T16:41:47.473Z", "user": 3, "content_type": 27, "object_id": "11", "object_repr": "Message object (11)", "action_flag": 2, "change_message": "[{\"changed\": {\"fields\": [\"Recipient\"]}}]"}}, {"model": "admin.logentry", "pk": 59, "fields": {"action_time": "2022-02-12T16:42:02.472Z", "user": 3, "content_type": 27, "object_id": "11", "object_repr": "Message object (11)", "action_flag": 2, "change_message": "[]"}}, {"model": "admin.logentry", "pk": 60, "fields": {"action_time": "2022-02-12T16:42:11.119Z", "user": 3, "content_type": 27, "object_id": "12", "object_repr": "Message object (12)", "action_flag": 1, "change_message": "[{\"added\": {}}]"}}, {"model": "admin.logentry", "pk": 61, "fields": {"action_time": "2022-02-12T16:42:21.997Z", "user": 3, "content_type": 27, "object_id": "13", "object_repr": "Message object (13)", "action_flag": 1, "change_message": "[{\"added\": {}}]"}}, {"model": "admin.logentry", "pk": 63, "fields": {"action_time": "2022-02-12T16:43:50.470Z", "user": 3, "content_type": 27, "object_id": "14", "object_repr": "Message object (14)", "action_flag": 2, "change_message": "[{\"changed\": {\"fields\": [\"User\"]}}]"}}, {"model": "admin.logentry", "pk": 64, "fields": {"action_time": "2022-02-12T16:45:00.407Z", "user": 3, "content_type": 27, "object_id": "15", "object_repr": "Message object (15)", "action_flag": 1, "change_message": "[{\"added\": {}}]"}}, {"model": "admin.logentry", "pk": 65, "fields": {"action_time": "2022-02-12T16:45:41.565Z", "user": 3, "content_type": 27, "object_id": "15", "object_repr": "Message object (15)", "action_flag": 2, "change_message": "[{\"changed\": {\"fields\": [\"User\"]}}]"}}, {"model": "admin.logentry", "pk": 66, "fields": {"action_time": "2022-02-12T16:46:06.870Z", "user": 3, "content_type": 4, "object_id": "5", "object_repr": "bityho", "action_flag": 2, "change_message": "[{\"changed\": {\"fields\": [\"Staff status\", \"Superuser status\"]}}]"}}, {"model": "admin.logentry", "pk": 89, "fields": {"action_time": "2022-02-12T16:55:17.136Z", "user": 1, "content_type": 27, "object_id": "17", "object_repr": "Message object (17)", "action_flag": 3, "change_message": ""}}, {"model": "admin.logentry", "pk": 90, "fields": {"action_time": "2022-02-12T16:55:17.339Z", "user": 1, "content_type": 27, "object_id": "3", "object_repr": "Message object (3)", "action_flag": 3, "change_message": ""}}, {"model": "admin.logentry", "pk": 91, "fields": {"action_time": "2022-02-12T16:55:17.488Z", "user": 1, "content_type": 27, "object_id": "2", "object_repr": "Message object (2)", "action_flag": 3, "change_message": ""}}, {"model": "admin.logentry", "pk": 92, "fields": {"action_time": "2022-02-12T16:56:00.182Z", "user": 1, "content_type": 27, "object_id": "18", "object_repr": "Message object (18)", "action_flag": 1, "change_message": "[{\"added\": {}}]"}}, {"model": "admin.logentry", "pk": 94, "fields": {"action_time": "2022-02-14T12:35:20.662Z", "user": 1, "content_type": 28, "object_id": "10", "object_repr": "", "action_flag": 3, "change_message": ""}}, {"model": "admin.logentry", "pk": 95, "fields": {"action_time": "2022-02-14T12:35:20.840Z", "user": 1, "content_type": 28, "object_id": "9", "object_repr": "", "action_flag": 3, "change_message": ""}}, {"model": "admin.logentry", "pk": 96, "fields": {"action_time": "2022-02-14T12:35:20.990Z", "user": 1, "content_type": 28, "object_id": "8", "object_repr": "ji", "action_flag": 3, "change_message": ""}}, {"model": "admin.logentry", "pk": 97, "fields": {"action_time": "2022-02-14T12:35:21.151Z", "user": 1, "content_type": 28, "object_id": "7", "object_repr": "", "action_flag": 3, "change_message": ""}}, {"model": "admin.logentry", "pk": 98, "fields": {"action_time": "2022-02-14T12:35:21.295Z", "user": 1, "content_type": 28, "object_id": "6", "object_repr": "", "action_flag": 3, "change_message": ""}}, {"model": "admin.logentry", "pk": 99, "fields": {"action_time": "2022-02-14T12:35:21.394Z", "user": 1, "content_type": 28, "object_id": "5", "object_repr": "", "action_flag": 3, "change_message": ""}}, {"model": "admin.logentry", "pk": 100, "fields": {"action_time": "2022-02-14T12:35:21.551Z", "user": 1, "content_type": 28, "object_id": "4", "object_repr": "", "action_flag": 3, "change_message": ""}}, {"model": "admin.logentry", "pk": 101, "fields": {"action_time": "2022-02-14T12:35:21.636Z", "user": 1, "content_type": 28, "object_id": "3", "object_repr": "", "action_flag": 3, "change_message": ""}}, {"model": "admin.logentry", "pk": 102, "fields": {"action_time": "2022-02-14T12:35:21.728Z", "user": 1, "content_type": 28, "object_id": "2", "object_repr": "", "action_flag": 3, "change_message": ""}}, {"model": "admin.logentry", "pk": 103, "fields": {"action_time": "2022-02-14T12:35:21.874Z", "user": 1, "content_type": 28, "object_id": "1", "object_repr": "", "action_flag": 3, "change_message": ""}}, {"model": "admin.logentry", "pk": 104, "fields": {"action_time": "2022-02-14T12:36:36.046Z", "user": 3, "content_type": 28, "object_id": "12", "object_repr": "Nice", "action_flag": 1, "change_message": "[{\"added\": {}}]"}}, {"model": "admin.logentry", "pk": 105, "fields": {"action_time": "2022-04-07T14:10:47.216Z", "user": 1, "content_type": 4, "object_id": "5", "object_repr": "bityho", "action_flag": 3, "change_message": ""}}, {"model": "admin.logentry", "pk": 106, "fields": {"action_time": "2022-04-07T14:10:47.318Z", "user": 1, "content_type": 4, "object_id": "9", "object_repr": "bupudo", "action_flag": 3, "change_message": ""}}, {"model": "admin.logentry", "pk": 107, "fields": {"action_time": "2022-04-07T14:10:47.424Z", "user": 1, "content_type": 4, "object_id": "10", "object_repr": "gobegalu", "action_flag": 3, "change_message": ""}}, {"model": "admin.logentry", "pk": 108, "fields": {"action_time": "2022-04-07T14:10:47.602Z", "user": 1, "content_type": 4, "object_id": "8", "object_repr": "guxirypan", "action_flag": 3, "change_message": ""}}, {"model": "admin.logentry", "pk": 109, "fields": {"action_time": "2022-04-07T14:10:47.701Z", "user": 1, "content_type": 4, "object_id": "7", "object_repr": "hopugoc", "action_flag": 3, "change_message": ""}}, {"model": "admin.logentry", "pk": 110, "fields": {"action_time": "2022-04-07T14:10:47.768Z", "user": 1, "content_type": 4, "object_id": "4", "object_repr": "prince", "action_flag": 3, "change_message": ""}}, {"model": "admin.logentry", "pk": 111, "fields": {"action_time": "2022-04-07T14:10:47.835Z", "user": 1, "content_type": 4, "object_id": "2", "object_repr": "regan", "action_flag": 3, "change_message": ""}}, {"model": "admin.logentry", "pk": 112, "fields": {"action_time": "2022-04-07T14:10:47.914Z", "user": 1, "content_type": 4, "object_id": "6", "object_repr": "wuhaper", "action_flag": 3, "change_message": ""}}, {"model": "admin.logentry", "pk": 113, "fields": {"action_time": "2022-04-07T14:10:48.073Z", "user": 1, "content_type": 4, "object_id": "11", "object_repr": "zywefisa", "action_flag": 3, "change_message": ""}}, {"model": "auth.permission", "pk": 1, "fields": {"name": "Can add log entry", "content_type": 1, "codename": "add_logentry"}}, {"model": "auth.permission", "pk": 2, "fields": {"name": "Can change log entry", "content_type": 1, "codename": "change_logentry"}}, {"model": "auth.permission", "pk": 3, "fields": {"name": "Can delete log entry", "content_type": 1, "codename": "delete_logentry"}}, {"model": "auth.permission", "pk": 4, "fields": {"name": "Can view log entry", "content_type": 1, "codename": "view_logentry"}}, {"model": "auth.permission", "pk": 5, "fields": {"name": "Can add permission", "content_type": 2, "codename": "add_permission"}}, {"model": "auth.permission", "pk": 6, "fields": {"name": "Can change permission", "content_type": 2, "codename": "change_permission"}}, {"model": "auth.permission", "pk": 7, "fields": {"name": "Can delete permission", "content_type": 2, "codename": "delete_permission"}}, {"model": "auth.permission", "pk": 8, "fields": {"name": "Can view permission", "content_type": 2, "codename": "view_permission"}}, {"model": "auth.permission", "pk": 9, "fields": {"name": "Can add group", "content_type": 3, "codename": "add_group"}}, {"model": "auth.permission", "pk": 10, "fields": {"name": "Can change group", "content_type": 3, "codename": "change_group"}}, {"model": "auth.permission", "pk": 11, "fields": {"name": "Can delete group", "content_type": 3, "codename": "delete_group"}}, {"model": "auth.permission", "pk": 12, "fields": {"name": "Can view group", "content_type": 3, "codename": "view_group"}}, {"model": "auth.permission", "pk": 13, "fields": {"name": "Can add user", "content_type": 4, "codename": "add_user"}}, {"model": "auth.permission", "pk": 14, "fields": {"name": "Can change user", "content_type": 4, "codename": "change_user"}}, {"model": "auth.permission", "pk": 15, "fields": {"name": "Can delete user", "content_type": 4, "codename": "delete_user"}}, {"model": "auth.permission", "pk": 16, "fields": {"name": "Can view user", "content_type": 4, "codename": "view_user"}}, {"model": "auth.permission", "pk": 17, "fields": {"name": "Can add content type", "content_type": 5, "codename": "add_contenttype"}}, {"model": "auth.permission", "pk": 18, "fields": {"name": "Can change content type", "content_type": 5, "codename": "change_contenttype"}}, {"model": "auth.permission", "pk": 19, "fields": {"name": "Can delete content type", "content_type": 5, "codename": "delete_contenttype"}}, {"model": "auth.permission", "pk": 20, "fields": {"name": "Can view content type", "content_type": 5, "codename": "view_contenttype"}}, {"model": "auth.permission", "pk": 21, "fields": {"name": "Can add session", "content_type": 6, "codename": "add_session"}}, {"model": "auth.permission", "pk": 22, "fields": {"name": "Can change session", "content_type": 6, "codename": "change_session"}}, {"model": "auth.permission", "pk": 23, "fields": {"name": "Can delete session", "content_type": 6, "codename": "delete_session"}}, {"model": "auth.permission", "pk": 24, "fields": {"name": "Can view session", "content_type": 6, "codename": "view_session"}}, {"model": "auth.permission", "pk": 25, "fields": {"name": "Can add About Us", "content_type": 7, "codename": "add_aboutus"}}, {"model": "auth.permission", "pk": 26, "fields": {"name": "Can change About Us", "content_type": 7, "codename": "change_aboutus"}}, {"model": "auth.permission", "pk": 27, "fields": {"name": "Can delete About Us", "content_type": 7, "codename": "delete_aboutus"}}, {"model": "auth.permission", "pk": 28, "fields": {"name": "Can view About Us", "content_type": 7, "codename": "view_aboutus"}}, {"model": "auth.permission", "pk": 29, "fields": {"name": "Can add Announcement", "content_type": 8, "codename": "add_announcements"}}, {"model": "auth.permission", "pk": 30, "fields": {"name": "Can change Announcement", "content_type": 8, "codename": "change_announcements"}}, {"model": "auth.permission", "pk": 31, "fields": {"name": "Can delete Announcement", "content_type": 8, "codename": "delete_announcements"}}, {"model": "auth.permission", "pk": 32, "fields": {"name": "Can view Announcement", "content_type": 8, "codename": "view_announcements"}}, {"model": "auth.permission", "pk": 33, "fields": {"name": "Can add Contact Us", "content_type": 9, "codename": "add_contact"}}, {"model": "auth.permission", "pk": 34, "fields": {"name": "Can change Contact Us", "content_type": 9, "codename": "change_contact"}}, {"model": "auth.permission", "pk": 35, "fields": {"name": "Can delete Contact Us", "content_type": 9, "codename": "delete_contact"}}, {"model": "auth.permission", "pk": 36, "fields": {"name": "Can view Contact Us", "content_type": 9, "codename": "view_contact"}}, {"model": "auth.permission", "pk": 37, "fields": {"name": "Can add Frequently Asked Question", "content_type": 10, "codename": "add_faqs"}}, {"model": "auth.permission", "pk": 38, "fields": {"name": "Can change Frequently Asked Question", "content_type": 10, "codename": "change_faqs"}}, {"model": "auth.permission", "pk": 39, "fields": {"name": "Can delete Frequently Asked Question", "content_type": 10, "codename": "delete_faqs"}}, {"model": "auth.permission", "pk": 40, "fields": {"name": "Can view Frequently Asked Question", "content_type": 10, "codename": "view_faqs"}}, {"model": "auth.permission", "pk": 41, "fields": {"name": "Can add Feedback", "content_type": 11, "codename": "add_feedback"}}, {"model": "auth.permission", "pk": 42, "fields": {"name": "Can change Feedback", "content_type": 11, "codename": "change_feedback"}}, {"model": "auth.permission", "pk": 43, "fields": {"name": "Can delete Feedback", "content_type": 11, "codename": "delete_feedback"}}, {"model": "auth.permission", "pk": 44, "fields": {"name": "Can view Feedback", "content_type": 11, "codename": "view_feedback"}}, {"model": "auth.permission", "pk": 45, "fields": {"name": "Can add Get In Touch", "content_type": 12, "codename": "add_getintouch"}}, {"model": "auth.permission", "pk": 46, "fields": {"name": "Can change Get In Touch", "content_type": 12, "codename": "change_getintouch"}}, {"model": "auth.permission", "pk": 47, "fields": {"name": "Can delete Get In Touch", "content_type": 12, "codename": "delete_getintouch"}}, {"model": "auth.permission", "pk": 48, "fields": {"name": "Can view Get In Touch", "content_type": 12, "codename": "view_getintouch"}}, {"model": "auth.permission", "pk": 49, "fields": {"name": "Can add Packages and Price", "content_type": 13, "codename": "add_packageprice"}}, {"model": "auth.permission", "pk": 50, "fields": {"name": "Can change Packages and Price", "content_type": 13, "codename": "change_packageprice"}}, {"model": "auth.permission", "pk": 51, "fields": {"name": "Can delete Packages and Price", "content_type": 13, "codename": "delete_packageprice"}}, {"model": "auth.permission", "pk": 52, "fields": {"name": "Can view Packages and Price", "content_type": 13, "codename": "view_packageprice"}}, {"model": "auth.permission", "pk": 53, "fields": {"name": "Can add Privacy and Term", "content_type": 14, "codename": "add_privacy_and_terms"}}, {"model": "auth.permission", "pk": 54, "fields": {"name": "Can change Privacy and Term", "content_type": 14, "codename": "change_privacy_and_terms"}}, {"model": "auth.permission", "pk": 55, "fields": {"name": "Can delete Privacy and Term", "content_type": 14, "codename": "delete_privacy_and_terms"}}, {"model": "auth.permission", "pk": 56, "fields": {"name": "Can view Privacy and Term", "content_type": 14, "codename": "view_privacy_and_terms"}}, {"model": "auth.permission", "pk": 57, "fields": {"name": "Can add Review", "content_type": 15, "codename": "add_review"}}, {"model": "auth.permission", "pk": 58, "fields": {"name": "Can change Review", "content_type": 15, "codename": "change_review"}}, {"model": "auth.permission", "pk": 59, "fields": {"name": "Can delete Review", "content_type": 15, "codename": "delete_review"}}, {"model": "auth.permission", "pk": 60, "fields": {"name": "Can view Review", "content_type": 15, "codename": "view_review"}}, {"model": "auth.permission", "pk": 61, "fields": {"name": "Can add Support and Customer Service", "content_type": 16, "codename": "add_support_and_customerservice"}}, {"model": "auth.permission", "pk": 62, "fields": {"name": "Can change Support and Customer Service", "content_type": 16, "codename": "change_support_and_customerservice"}}, {"model": "auth.permission", "pk": 63, "fields": {"name": "Can delete Support and Customer Service", "content_type": 16, "codename": "delete_support_and_customerservice"}}, {"model": "auth.permission", "pk": 64, "fields": {"name": "Can view Support and Customer Service", "content_type": 16, "codename": "view_support_and_customerservice"}}, {"model": "auth.permission", "pk": 65, "fields": {"name": "Can add profile", "content_type": 17, "codename": "add_profile"}}, {"model": "auth.permission", "pk": 66, "fields": {"name": "Can change profile", "content_type": 17, "codename": "change_profile"}}, {"model": "auth.permission", "pk": 67, "fields": {"name": "Can delete profile", "content_type": 17, "codename": "delete_profile"}}, {"model": "auth.permission", "pk": 68, "fields": {"name": "Can view profile", "content_type": 17, "codename": "view_profile"}}, {"model": "auth.permission", "pk": 69, "fields": {"name": "Can add news letter", "content_type": 18, "codename": "add_newsletter"}}, {"model": "auth.permission", "pk": 70, "fields": {"name": "Can change news letter", "content_type": 18, "codename": "change_newsletter"}}, {"model": "auth.permission", "pk": 71, "fields": {"name": "Can delete news letter", "content_type": 18, "codename": "delete_newsletter"}}, {"model": "auth.permission", "pk": 72, "fields": {"name": "Can view news letter", "content_type": 18, "codename": "view_newsletter"}}, {"model": "auth.permission", "pk": 73, "fields": {"name": "Can add model notes", "content_type": 19, "codename": "add_modelnotes"}}, {"model": "auth.permission", "pk": 74, "fields": {"name": "Can change model notes", "content_type": 19, "codename": "change_modelnotes"}}, {"model": "auth.permission", "pk": 75, "fields": {"name": "Can delete model notes", "content_type": 19, "codename": "delete_modelnotes"}}, {"model": "auth.permission", "pk": 76, "fields": {"name": "Can view model notes", "content_type": 19, "codename": "view_modelnotes"}}, {"model": "auth.permission", "pk": 77, "fields": {"name": "Can add Tag", "content_type": 20, "codename": "add_tag"}}, {"model": "auth.permission", "pk": 78, "fields": {"name": "Can change Tag", "content_type": 20, "codename": "change_tag"}}, {"model": "auth.permission", "pk": 79, "fields": {"name": "Can delete Tag", "content_type": 20, "codename": "delete_tag"}}, {"model": "auth.permission", "pk": 80, "fields": {"name": "Can view Tag", "content_type": 20, "codename": "view_tag"}}, {"model": "auth.permission", "pk": 81, "fields": {"name": "Can add follow", "content_type": 21, "codename": "add_follow"}}, {"model": "auth.permission", "pk": 82, "fields": {"name": "Can change follow", "content_type": 21, "codename": "change_follow"}}, {"model": "auth.permission", "pk": 83, "fields": {"name": "Can delete follow", "content_type": 21, "codename": "delete_follow"}}, {"model": "auth.permission", "pk": 84, "fields": {"name": "Can view follow", "content_type": 21, "codename": "view_follow"}}, {"model": "auth.permission", "pk": 85, "fields": {"name": "Can add stream", "content_type": 22, "codename": "add_stream"}}, {"model": "auth.permission", "pk": 86, "fields": {"name": "Can change stream", "content_type": 22, "codename": "change_stream"}}, {"model": "auth.permission", "pk": 87, "fields": {"name": "Can delete stream", "content_type": 22, "codename": "delete_stream"}}, {"model": "auth.permission", "pk": 88, "fields": {"name": "Can view stream", "content_type": 22, "codename": "view_stream"}}, {"model": "auth.permission", "pk": 89, "fields": {"name": "Can add post", "content_type": 23, "codename": "add_post"}}, {"model": "auth.permission", "pk": 90, "fields": {"name": "Can change post", "content_type": 23, "codename": "change_post"}}, {"model": "auth.permission", "pk": 91, "fields": {"name": "Can delete post", "content_type": 23, "codename": "delete_post"}}, {"model": "auth.permission", "pk": 92, "fields": {"name": "Can view post", "content_type": 23, "codename": "view_post"}}, {"model": "auth.permission", "pk": 93, "fields": {"name": "Can add likes", "content_type": 24, "codename": "add_likes"}}, {"model": "auth.permission", "pk": 94, "fields": {"name": "Can change likes", "content_type": 24, "codename": "change_likes"}}, {"model": "auth.permission", "pk": 95, "fields": {"name": "Can delete likes", "content_type": 24, "codename": "delete_likes"}}, {"model": "auth.permission", "pk": 96, "fields": {"name": "Can view likes", "content_type": 24, "codename": "view_likes"}}, {"model": "auth.permission", "pk": 97, "fields": {"name": "Can add profile", "content_type": 25, "codename": "add_profile"}}, {"model": "auth.permission", "pk": 98, "fields": {"name": "Can change profile", "content_type": 25, "codename": "change_profile"}}, {"model": "auth.permission", "pk": 99, "fields": {"name": "Can delete profile", "content_type": 25, "codename": "delete_profile"}}, {"model": "auth.permission", "pk": 100, "fields": {"name": "Can view profile", "content_type": 25, "codename": "view_profile"}}, {"model": "auth.permission", "pk": 101, "fields": {"name": "Can add comment", "content_type": 26, "codename": "add_comment"}}, {"model": "auth.permission", "pk": 102, "fields": {"name": "Can change comment", "content_type": 26, "codename": "change_comment"}}, {"model": "auth.permission", "pk": 103, "fields": {"name": "Can delete comment", "content_type": 26, "codename": "delete_comment"}}, {"model": "auth.permission", "pk": 104, "fields": {"name": "Can view comment", "content_type": 26, "codename": "view_comment"}}, {"model": "auth.permission", "pk": 105, "fields": {"name": "Can add message", "content_type": 27, "codename": "add_message"}}, {"model": "auth.permission", "pk": 106, "fields": {"name": "Can change message", "content_type": 27, "codename": "change_message"}}, {"model": "auth.permission", "pk": 107, "fields": {"name": "Can delete message", "content_type": 27, "codename": "delete_message"}}, {"model": "auth.permission", "pk": 108, "fields": {"name": "Can view message", "content_type": 27, "codename": "view_message"}}, {"model": "auth.permission", "pk": 109, "fields": {"name": "Can add notification", "content_type": 28, "codename": "add_notification"}}, {"model": "auth.permission", "pk": 110, "fields": {"name": "Can change notification", "content_type": 28, "codename": "change_notification"}}, {"model": "auth.permission", "pk": 111, "fields": {"name": "Can delete notification", "content_type": 28, "codename": "delete_notification"}}, {"model": "auth.permission", "pk": 112, "fields": {"name": "Can view notification", "content_type": 28, "codename": "view_notification"}}, {"model": "auth.user", "pk": 1, "fields": {"password": "pbkdf2_sha256$216000$vrTb5fJ3nrJU$N9hpVdGk5R8LnBXWDxgQKEyocDCw7zHU6l/i+iIz6Y8=", "last_login": "2022-04-11T03:29:37.624Z", "is_superuser": true, "username": "destiny", "first_name": "Destiny", "last_name": "Franks", "email": "desphixs@gmail.com", "is_staff": true, "is_active": true, "date_joined": "2022-01-01T01:02:51Z", "groups": [], "user_permissions": []}}, {"model": "auth.user", "pk": 3, "fields": {"password": "pbkdf2_sha256$216000$GM18wVy3GnBr$cA2eVMG4H84xTizNuGP2Rd0dMoXUlY7whU9QkCpmOU8=", "last_login": "2022-04-08T03:18:08.289Z", "is_superuser": true, "username": "karen", "first_name": "Karen", "last_name": "Rios", "email": "tyjegiqi@mailinator.com", "is_staff": true, "is_active": true, "date_joined": "2022-01-01T01:07:10Z", "groups": [], "user_permissions": []}}, {"model": "auth.user", "pk": 12, "fields": {"password": "pbkdf2_sha256$216000$7oRjxAdSr0T8$dasmgOfRi6uOD2xIMhuupPTRh81zyN7DUkrGEf7mAag=", "last_login": "2022-04-07T14:11:05.068Z", "is_superuser": false, "username": "saloxym", "first_name": "", "last_name": "", "email": "simoqoniby@mailinator.com", "is_staff": false, "is_active": true, "date_joined": "2022-04-07T14:11:04.227Z", "groups": [], "user_permissions": []}}, {"model": "auth.user", "pk": 13, "fields": {"password": "pbkdf2_sha256$216000$J1REtL6vV7HY$vqzfy+TS0KanvGO6GENzC3jq4Dg/OZDog/x7QxbTqug=", "last_login": "2022-04-07T14:16:27.155Z", "is_superuser": false, "username": "lomidol", "first_name": "", "last_name": "", "email": "secuf@mailinator.com", "is_staff": false, "is_active": true, "date_joined": "2022-04-07T14:16:26.333Z", "groups": [], "user_permissions": []}}, {"model": "auth.user", "pk": 14, "fields": {"password": "pbkdf2_sha256$216000$9KfntzjjsqAc$07u3TRjhVTqouSpvZ2FdHfj05F+lRdjKVRsCar/PCcs=", "last_login": "2022-04-07T14:49:15.096Z", "is_superuser": false, "username": "cofiwizu", "first_name": "", "last_name": "", "email": "jecypohoqa@mailinator.com", "is_staff": false, "is_active": true, "date_joined": "2022-04-07T14:49:14.081Z", "groups": [], "user_permissions": []}}, {"model": "auth.user", "pk": 15, "fields": {"password": "pbkdf2_sha256$216000$UHKOzEaXg93i$l7XDTabKC5sB14ghDH1cikrofbfYkXPW0wSllX7szFY=", "last_login": "2022-04-07T17:11:39.829Z", "is_superuser": false, "username": "alexjoy", "first_name": "", "last_name": "", "email": "alexjoy@mailinator.com", "is_staff": false, "is_active": true, "date_joined": "2022-04-07T17:11:38.832Z", "groups": [], "user_permissions": []}}, {"model": "auth.user", "pk": 16, "fields": {"password": "pbkdf2_sha256$216000$cxiRp99jYP9W$c3ht7kO0odj7mbqSmDctlAVL6Pd8ynktVBqk5Zzg47c=", "last_login": "2022-04-07T18:03:43.604Z", "is_superuser": false, "username": "gift", "first_name": "", "last_name": "", "email": "gift@gmail.com", "is_staff": false, "is_active": true, "date_joined": "2022-04-07T18:03:42.742Z", "groups": [], "user_permissions": []}}, {"model": "auth.user", "pk": 17, "fields": {"password": "pbkdf2_sha256$216000$jTAp7Qyd0V6Q$bB2HcDS5uUggjBt99KPqBWa+TLT+/meKTYKYcrPJURY=", "last_login": "2022-04-07T18:08:49.819Z", "is_superuser": false, "username": "praise", "first_name": "", "last_name": "", "email": "praise@gmail.com", "is_staff": false, "is_active": true, "date_joined": "2022-04-07T18:08:48.982Z", "groups": [], "user_permissions": []}}, {"model": "auth.user", "pk": 18, "fields": {"password": "pbkdf2_sha256$216000$VYWZQ8YB8aSc$mBA4AlHkg3wboPxktPSY4yA8bqMRf5mbEhl1T1UNw2U=", "last_login": "2022-04-07T18:13:33.927Z", "is_superuser": false, "username": "princewillmpama", "first_name": "", "last_name": "", "email": "princewill8a@gmail.com", "is_staff": false, "is_active": true, "date_joined": "2022-04-07T18:13:33.160Z", "groups": [], "user_permissions": []}}, {"model": "auth.user", "pk": 19, "fields": {"password": "pbkdf2_sha256$216000$ntOXJz61VNU3$hFR8HIwK4jf63hm+65uLRMzl425RC3alOeFyJLMYLnE=", "last_login": "2022-04-08T03:23:02.153Z", "is_superuser": false, "username": "wivip", "first_name": "", "last_name": "", "email": "halife@mailinator.com", "is_staff": false, "is_active": true, "date_joined": "2022-04-08T03:23:01.222Z", "groups": [], "user_permissions": []}}, {"model": "auth.user", "pk": 20, "fields": {"password": "pbkdf2_sha256$870000$JzxvjXirCvK6PII9LZXVnW$pXfG2zZu3tM08iThFA/7kCHLkQ+xMJr+P3FhOxRJyvE=", "last_login": "2024-12-10T03:32:57.302Z", "is_superuser": false, "username": "mohab123123", "first_name": "", "last_name": "", "email": "asdasd@gmail.com", "is_staff": false, "is_active": true, "date_joined": "2024-12-10T03:03:41.691Z", "groups": [], "user_permissions": []}}, {"model": "auth.user", "pk": 21, "fields": {"password": "pbkdf2_sha256$870000$rPoOVapKXKQ6UltFaxxBu5$KURRFVSbag5LN51ef6MxuRCUUsYBorjBLRxFajy6dXo=", "last_login": "2024-12-10T03:32:42.745Z", "is_superuser": false, "username": "mohab22", "first_name": "", "last_name": "", "email": "mohab123@gmail.com", "is_staff": false, "is_active": true, "date_joined": "2024-12-10T03:23:43.428Z", "groups": [], "user_permissions": []}}, {"model": "contenttypes.contenttype", "pk": 1, "fields": {"app_label": "admin", "model": "logentry"}}, {"model": "contenttypes.contenttype", "pk": 2, "fields": {"app_label": "auth", "model": "permission"}}, {"model": "contenttypes.contenttype", "pk": 3, "fields": {"app_label": "auth", "model": "group"}}, {"model": "contenttypes.contenttype", "pk": 4, "fields": {"app_label": "auth", "model": "user"}}, {"model": "contenttypes.contenttype", "pk": 5, "fields": {"app_label": "contenttypes", "model": "contenttype"}}, {"model": "contenttypes.contenttype", "pk": 6, "fields": {"app_label": "sessions", "model": "session"}}, {"model": "contenttypes.contenttype", "pk": 7, "fields": {"app_label": "authusers", "model": "aboutus"}}, {"model": "contenttypes.contenttype", "pk": 8, "fields": {"app_label": "authusers", "model": "announcements"}}, {"model": "contenttypes.contenttype", "pk": 9, "fields": {"app_label": "authusers", "model": "contact"}}, {"model": "contenttypes.contenttype", "pk": 10, "fields": {"app_label": "authusers", "model": "faqs"}}, {"model": "contenttypes.contenttype", "pk": 11, "fields": {"app_label": "authusers", "model": "feedback"}}, {"model": "contenttypes.contenttype", "pk": 12, "fields": {"app_label": "authusers", "model": "getintouch"}}, {"model": "contenttypes.contenttype", "pk": 13, "fields": {"app_label": "authusers", "model": "packageprice"}}, {"model": "contenttypes.contenttype", "pk": 14, "fields": {"app_label": "authusers", "model": "privacy_and_terms"}}, {"model": "contenttypes.contenttype", "pk": 15, "fields": {"app_label": "authusers", "model": "review"}}, {"model": "contenttypes.contenttype", "pk": 16, "fields": {"app_label": "authusers", "model": "support_and_customerservice"}}, {"model": "contenttypes.contenttype", "pk": 17, "fields": {"app_label": "authusers", "model": "profile"}}, {"model": "contenttypes.contenttype", "pk": 18, "fields": {"app_label": "authusers", "model": "newsletter"}}, {"model": "contenttypes.contenttype", "pk": 19, "fields": {"app_label": "authusers", "model": "modelnotes"}}, {"model": "contenttypes.contenttype", "pk": 20, "fields": {"app_label": "post", "model": "tag"}}, {"model": "contenttypes.contenttype", "pk": 21, "fields": {"app_label": "post", "model": "follow"}}, {"model": "contenttypes.contenttype", "pk": 22, "fields": {"app_label": "post", "model": "stream"}}, {"model": "contenttypes.contenttype", "pk": 23, "fields": {"app_label": "post", "model": "post"}}, {"model": "contenttypes.contenttype", "pk": 24, "fields": {"app_label": "post", "model": "likes"}}, {"model": "contenttypes.contenttype", "pk": 25, "fields": {"app_label": "authy", "model": "profile"}}, {"model": "contenttypes.contenttype", "pk": 26, "fields": {"app_label": "comment", "model": "comment"}}, {"model": "contenttypes.contenttype", "pk": 27, "fields": {"app_label": "directs", "model": "message"}}, {"model": "contenttypes.contenttype", "pk": 28, "fields": {"app_label": "notification", "model": "notification"}}, {"model": "sessions.session", "pk": "0lrjhydkyrarqdq7js0cd1ndg2w4di54", "fields": {"session_data": ".eJxVjEsOAiEQBe_C2pBGGmhduvcMpPnJqIFkmFkZ766TzEK3r6reS3hel-rXkWc_JXEWWhx-t8DxkdsG0p3brcvY2zJPQW6K3OmQ157y87K7fweVR_3W4KwqEa1zgQwEwlJM4QwKj0T5RBg1BSalWaEyGIGAEmdnwXKyTov3B8pNNxs:1nJZnu:_SXjLvCBa01bGZp1AQA4pjubErsvLfk7L6oRDZBrxbs", "expire_date": "2022-02-28T11:46:02.940Z"}}, {"model": "sessions.session", "pk": "10zgta9hi9tnankzfzo5yqy6m93h76m9", "fields": {"session_data": ".eJxVjDsOwjAQBe_iGll2_KekzxmsXXuNA8iR4qRC3J1ESgHtm5n3ZhG2tcat0xKnzK5MssvvhpCe1A6QH9DuM09zW5cJ-aHwk3Y-zplet9P9O6jQ615jQW9Igg9KYLHK7qkpLgQpipXFqULJaEuU1DBYrSlppEQA3mBwVrDPF_9WOJ8:1nJNnG:Di9HsW8Cg3LtfILv3I8th2i5GvaflVI_6KfAJnIszuQ", "expire_date": "2022-02-27T22:56:34.637Z"}}, {"model": "sessions.session", "pk": "4k2m7yx9apm4hi825vtoic90jzi4xe3i", "fields": {"session_data": "e30:1nI9gX:wvyDlrQ45PlITMkUUo8fKvBt5F1XzBRhx_vevgZmCw0", "expire_date": "2022-02-24T13:40:33.834Z"}}, {"model": "sessions.session", "pk": "4tszcbauyr0mph0uaurqpfsjnx692c2m", "fields": {"session_data": ".eJxVjDsOwjAQBe_iGll2_KekzxmsXXuNA8iR4qRC3J1ESgHtm5n3ZhG2tcat0xKnzK5MssvvhpCe1A6QH9DuM09zW5cJ-aHwk3Y-zplet9P9O6jQ615jQW9Igg9KYLHK7qkpLgQpipXFqULJaEuU1DBYrSlppEQA3mBwVrDPF_9WOJ8:1nHA3y:u3go0IZh6RK95AmBFnMXknp15CENOu2LVbejmbDkl5w", "expire_date": "2022-02-21T19:52:38.347Z"}}, {"model": "sessions.session", "pk": "6eyk5f8ibclyjcyuj474rq08bf7lmk5r", "fields": {"session_data": "e30:1nI9eE:0O8E9JO_XKhtxNzPxPzE3CAGTA1YGJbuSWpJwUIrx0g", "expire_date": "2022-02-24T13:38:10.335Z"}}, {"model": "sessions.session", "pk": "6kpfl55nxgpbm9llqf7fwo46bbl3dbb4", "fields": {"session_data": ".eJxVjDsOwjAQBe_iGll2_KekzxmsXXuNA8iR4qRC3J1ESgHtm5n3ZhG2tcat0xKnzK5MssvvhpCe1A6QH9DuM09zW5cJ-aHwk3Y-zplet9P9O6jQ615jQW9Igg9KYLHK7qkpLgQpipXFqULJaEuU1DBYrSlppEQA3mBwVrDPF_9WOJ8:1nH8hN:IKXr19CWamdhHrdg-DAbrMPqcrScFhjWoOX1bedX7ZU", "expire_date": "2022-02-21T18:25:13.453Z"}}, {"model": "sessions.session", "pk": "751rnbxxdjc49v1qnz8jrpzdslqnl61j", "fields": {"session_data": ".eJxVjEsOAiEQBe_C2pBGGmhduvcMpPnJqIFkmFkZ766TzEK3r6reS3hel-rXkWc_JXEWWhx-t8DxkdsG0p3brcvY2zJPQW6K3OmQ157y87K7fweVR_3W4KwqEa1zgQwEwlJM4QwKj0T5RBg1BSalWaEyGIGAEmdnwXKyTov3B8pNNxs:1nIx1B:HqzF7GenVDxCOM_0UnEGeo_TotR4sdZtkUF5Q3iJ1C0", "expire_date": "2022-02-26T18:21:09.649Z"}}, {"model": "sessions.session", "pk": "7mfvpldqcx3vcw05jc58p1sdquh4m7ov", "fields": {"session_data": ".eJxVjDsOwjAQBe_iGll2_KekzxmsXXuNA8iR4qRC3J1ESgHtm5n3ZhG2tcat0xKnzK5MssvvhpCe1A6QH9DuM09zW5cJ-aHwk3Y-zplet9P9O6jQ615jQW9Igg9KYLHK7qkpLgQpipXFqULJaEuU1DBYrSlppEQA3mBwVrDPF_9WOJ8:1ncfLf:nSgrQ4tCgNkCAiYMtNWzFIXfEsvHt0oj8VyopnoiV9M", "expire_date": "2022-04-22T03:31:47.092Z"}}, {"model": "sessions.session", "pk": "83hgy4t9h8v0pwpak66uugibnpgysu9a", "fields": {"session_data": "e30:1ncSSW:oqdVcB9iFa9NlM8vmxyVCoBONZtYs-JG_uzOQWPa6_4", "expire_date": "2022-04-21T13:46:00.393Z"}}, {"model": "sessions.session", "pk": "adjfmb9gld4ke91fts7e3vkdnoohb6v5", "fields": {"session_data": ".eJxVjDEOwjAMRe-SGUVpgk3KyM4ZIjt2SQE1UtNOiLtDpQ6w_vfef5lE61LS2nROo5iz8c4cfkem_NBpI3Kn6VZtrtMyj2w3xe602WsVfV529--gUCvfGiFCZFX2TnpCpggcJZyCz059Bx0EUfKo5HoExpyRdQA3HDEoUjbvDw6hOIw:1tKqzZ:ock8WwtNMfsknSf4dE8Hq27nDv1TSuD7QLCnpMAzay0", "expire_date": "2024-12-24T03:32:57.310Z"}}, {"model": "sessions.session", "pk": "ahodeo8mupihudo4ozdwpfnalpjv9q57", "fields": {"session_data": ".eJxVjEsOAiEQBe_C2pBGGmhduvcMpPnJqIFkmFkZ766TzEK3r6reS3hel-rXkWc_JXEWWhx-t8DxkdsG0p3brcvY2zJPQW6K3OmQ157y87K7fweVR_3W4KwqEa1zgQwEwlJM4QwKj0T5RBg1BSalWaEyGIGAEmdnwXKyTov3B8pNNxs:1nJMeQ:hZDFdc6V4ejNb6sEvW2QH2dX4BV_qcoEgRAAc8TNGuI", "expire_date": "2022-02-27T21:43:22.097Z"}}, {"model": "sessions.session", "pk": "domqtshn8o4hu1rctoi2tcgij3zphtt1", "fields": {"session_data": ".eJxVjDsOwjAQBe_iGll2_KekzxmsXXuNA8iR4qRC3J1ESgHtm5n3ZhG2tcat0xKnzK5MssvvhpCe1A6QH9DuM09zW5cJ-aHwk3Y-zplet9P9O6jQ615jQW9Igg9KYLHK7qkpLgQpipXFqULJaEuU1DBYrSlppEQA3mBwVrDPF_9WOJ8:1n3Snm:HpI5IJkOg9ZRB34PRrJ_4VoS5UN9t7SFdx7UVbWDDsE", "expire_date": "2022-01-15T01:03:18.837Z"}}, {"model": "sessions.session", "pk": "e66exlvy0vtweu9726ft9czwyiw2i2bl", "fields": {"session_data": ".eJxVjDsOwjAQBe_iGll2_KekzxmsXXuNA8iR4qRC3J1ESgHtm5n3ZhG2tcat0xKnzK5MssvvhpCe1A6QH9DuM09zW5cJ-aHwk3Y-zplet9P9O6jQ615jQW9Igg9KYLHK7qkpLgQpipXFqULJaEuU1DBYrSlppEQA3mBwVrDPF_9WOJ8:1nIvfY:PRW_M8Q9bxTrjSCSYGFADh4IWAeRy3wxdttyalW0Q74", "expire_date": "2022-02-26T16:54:44.225Z"}}, {"model": "sessions.session", "pk": "ekl9s4ba7wsw7gu0v9nbnsqde42onmcv", "fields": {"session_data": ".eJxVjEsOAiEQBe_C2pBGGmhduvcMpPnJqIFkmFkZ766TzEK3r6reS3hel-rXkWc_JXEWWhx-t8DxkdsG0p3brcvY2zJPQW6K3OmQ157y87K7fweVR_3W4KwqEa1zgQwEwlJM4QwKj0T5RBg1BSalWaEyGIGAEmdnwXKyTov3B8pNNxs:1nHQa1:AwUex-VsuzxVHMzG3AMytXEz6BwPvOuNa_xMZubKsqI", "expire_date": "2022-02-22T13:30:49.910Z"}}, {"model": "sessions.session", "pk": "ersb4gxolf25efcvopvub29kyo0f1bvo", "fields": {"session_data": "e30:1ncSRX:Ybf97FUk6AR_DKV1M_E4aWS2ZlTO4ULNdbbox1waHy8", "expire_date": "2022-04-21T13:44:59.046Z"}}, {"model": "sessions.session", "pk": "f4cepdbcwpmnei9058tkakcnf6c4u05d", "fields": {"session_data": "e30:1nI9fI:MfDmdmzEUs9QfHDeiD-Ll3GkmVnqaNLmPfBgCva-bws", "expire_date": "2022-02-24T13:39:16.210Z"}}, {"model": "sessions.session", "pk": "jvvlk6aed5x0rvlm7rvd51ma8qa76gvu", "fields": {"session_data": ".eJxVjEEOwiAQRe_C2pBhoMW4dO8ZCDMMUjWQlHbVeHdt0oVu_3vvbyrEdSlh7TKHKamLMl6dfkeK_JS6k_SI9d40t7rME-ld0Qft-taSvK6H-3dQYi_fevTOUQRkRo4EFs5sBbPjQQzyyJLFUjaYsnWDCErCTMYDMAM6IfX-AChOOSg:1ncWYr:KyebVNqAI1U1mb3-3V1IX5PRDRIU6QuI43j7r-AWTpo", "expire_date": "2022-04-21T18:08:49.986Z"}}, {"model": "sessions.session", "pk": "nd5t6y0fuy6epgblkfcsw0fhf4gs271x", "fields": {"session_data": "e30:1nI9eg:9rp6y5YDcLIIKxtDybXlr7Bpl10Vt_NOV-x2zcwtxCE", "expire_date": "2022-02-24T13:38:38.665Z"}}, {"model": "sessions.session", "pk": "pyyu3xzohatyc2gik5mniav1mi3bfl5a", "fields": {"session_data": ".eJxVjEEOwiAQRe_C2pAyFZi4dO8ZyAwDUjWQlHZlvLtt0oVu_3vvv1WgdSlh7WkOk6iLAqNOvyNTfKa6E3lQvTcdW13mifWu6IN2fWuSXtfD_Tso1MtWe8DMfEYaRMYhG-udRE_AGMknHDOiG9FEYIdsBLNxFjNsEljv0anPFxFfN-8:1tKqzK:ScO7blu6e5ijNh4HzKiFzjqRrD6RZ_QxUq_-8UDUwX8", "expire_date": "2024-12-24T03:32:42.753Z"}}, {"model": "sessions.session", "pk": "ujko11sz60x7bfzj610j8nzpns3gpqst", "fields": {"session_data": "e30:1ncSQO:2qDNf7-_y9LoYLjEQgpcfNiDF5yqtcsUF1H_ULj5jjM", "expire_date": "2022-04-21T13:43:48.840Z"}}, {"model": "sessions.session", "pk": "vozji0lyfyrr3xitdiwn6f4gx6qyesis", "fields": {"session_data": ".eJxVjEsOAiEQBe_C2pBGGmhduvcMpPnJqIFkmFkZ766TzEK3r6reS3hel-rXkWc_JXEWWhx-t8DxkdsG0p3brcvY2zJPQW6K3OmQ157y87K7fweVR_3W4KwqEa1zgQwEwlJM4QwKj0T5RBg1BSalWaEyGIGAEmdnwXKyTov3B8pNNxs:1ncf8S:bYHyofIgIYfkw1GLUKpy5zpD32fy6Gb01kgS8sV3r6s", "expire_date": "2022-04-22T03:18:08.953Z"}}, {"model": "sessions.session", "pk": "z4lmd01sotgqd2xcr8swrw6loht9rrof", "fields": {"session_data": ".eJxVjDsOwjAQBe_iGll2_KekzxmsXXuNA8iR4qRC3J1ESgHtm5n3ZhG2tcat0xKnzK5MssvvhpCe1A6QH9DuM09zW5cJ-aHwk3Y-zplet9P9O6jQ615jQW9Igg9KYLHK7qkpLgQpipXFqULJaEuU1DBYrSlppEQA3mBwVrDPF_9WOJ8:1ndkkE:AZtvyWzDlO-HtITKREc9P5pRPc-K00OFrjvmsB-PUJg", "expire_date": "2022-04-25T03:29:38.122Z"}}, {"model": "post.tag", "pk": 1, "fields": {"title": "ui&ux", "slug": "99a22d86-6a9f-11ec-a1b2-ecf4bb0b97d4"}}, {"model": "post.tag", "pk": 2, "fields": {"title": "design", "slug": "9f9b036f-6a9f-11ec-bcc0-ecf4bb0b97d4"}}, {"model": "post.tag", "pk": 3, "fields": {"title": "photoshop", "slug": "a2de7f65-6a9f-11ec-85f2-ecf4bb0b97d4"}}, {"model": "post.tag", "pk": 4, "fields": {"title": " hello", "slug": "b2d4fcf5-884e-11ec-b17a-ecf4bb0b97d4"}}, {"model": "post.tag", "pk": 5, "fields": {"title": " design", "slug": "b2e74d8c-884e-11ec-bda0-ecf4bb0b97d4"}}, {"model": "post.tag", "pk": 6, "fields": {"title": "No", "slug": "dc27308a-884e-11ec-9ef9-ecf4bb0b97d4"}}, {"model": "post.tag", "pk": 7, "fields": {"title": " come", "slug": "dc3d28da-884e-11ec-b50d-ecf4bb0b97d4"}}, {"model": "post.tag", "pk": 8, "fields": {"title": " here", "slug": "dc4bf986-884e-11ec-a8a9-ecf4bb0b97d4"}}, {"model": "post.tag", "pk": 9, "fields": {"title": "new", "slug": "4781d8bc-884f-11ec-80f3-ecf4bb0b97d4"}}, {"model": "post.tag", "pk": 10, "fields": {"title": " post", "slug": "4795d62f-884f-11ec-bcbb-ecf4bb0b97d4"}}, {"model": "post.tag", "pk": 11, "fields": {"title": "netflix", "slug": "456620ff-88e3-11ec-a0f0-ecf4bb0b97d4"}}, {"model": "post.tag", "pk": 12, "fields": {"title": " python", "slug": "4582e7c1-88e3-11ec-85ba-ecf4bb0b97d4"}}, {"model": "post.tag", "pk": 13, "fields": {"title": " django", "slug": "4594fb60-88e3-11ec-8b25-ecf4bb0b97d4"}}, {"model": "post.tag", "pk": 14, "fields": {"title": "dexxapik", "slug": "bb23e680-88e3-11ec-83ef-ecf4bb0b97d4"}}, {"model": "post.tag", "pk": 15, "fields": {"title": " shopme", "slug": "bb32fe29-88e3-11ec-9c87-ecf4bb0b97d4"}}, {"model": "post.tag", "pk": 16, "fields": {"title": "hello, come, go", "slug": "60984a74-8a77-11ec-85e4-ecf4bb0b97d4"}}, {"model": "post.tag", "pk": 17, "fields": {"title": "linkedin", "slug": "7a5338d2-8a7c-11ec-9e07-ecf4bb0b97d4"}}, {"model": "post.tag", "pk": 18, "fields": {"title": " programmer", "slug": "7a602e11-8a7c-11ec-a028-ecf4bb0b97d4"}}, {"model": "post.tag", "pk": 19, "fields": {"title": " 2022", "slug": "7a6d985f-8a7c-11ec-bc19-ecf4bb0b97d4"}}, {"model": "post.tag", "pk": 20, "fields": {"title": " job alert", "slug": "7a7969af-8a7c-11ec-9121-ecf4bb0b97d4"}}, {"model": "post.tag", "pk": 21, "fields": {"title": "Su", "slug": "075694a6-8a7d-11ec-b038-ecf4bb0b97d4"}}, {"model": "post.tag", "pk": 22, "fields": {"title": "Vo", "slug": "1a02f12f-8b6a-11ec-9f19-ecf4bb0b97d4"}}, {"model": "post.tag", "pk": 23, "fields": {"title": "house", "slug": "9ac6344c-8b7f-11ec-9577-ecf4bb0b97d4"}}, {"model": "post.tag", "pk": 24, "fields": {"title": " travel", "slug": "9ada66f0-8b7f-11ec-a328-ecf4bb0b97d4"}}, {"model": "post.tag", "pk": 25, "fields": {"title": " homesweethome", "slug": "9aec8b0c-8b7f-11ec-92b0-ecf4bb0b97d4"}}, {"model": "post.tag", "pk": 26, "fields": {"title": " desphixs", "slug": "9afba2a4-8b7f-11ec-8075-ecf4bb0b97d4"}}, {"model": "post.tag", "pk": 27, "fields": {"title": " youtube", "slug": "ab228e28-8cd9-11ec-94ac-ecf4bb0b97d4"}}, {"model": "post.tag", "pk": 28, "fields": {"title": "destiny", "slug": "323d70b4-8d83-11ec-b1b3-ecf4bb0b97d4"}}, {"model": "post.tag", "pk": 29, "fields": {"title": " model", "slug": "3251313a-8d83-11ec-8b36-ecf4bb0b97d4"}}, {"model": "post.tag", "pk": 30, "fields": {"title": " image", "slug": "3268da3c-8d83-11ec-95d2-ecf4bb0b97d4"}}, {"model": "post.tag", "pk": 31, "fields": {"title": " instagram", "slug": "327ac548-8d83-11ec-ab0d-ecf4bb0b97d4"}}, {"model": "post.tag", "pk": 32, "fields": {"title": "question", "slug": "28c0e916-8d92-11ec-be9d-ecf4bb0b97d4"}}, {"model": "post.tag", "pk": 33, "fields": {"title": "engineer", "slug": "310d5ebb-b5a8-11ec-9b48-ecf4bb0b97d4"}}, {"model": "post.tag", "pk": 34, "fields": {"title": " solar", "slug": "311be512-b5a8-11ec-9ffe-ecf4bb0b97d4"}}, {"model": "post.tag", "pk": 35, "fields": {"title": "bible", "slug": "40290ff0-b5a8-11ec-b216-ecf4bb0b97d4"}}, {"model": "post.tag", "pk": 36, "fields": {"title": " pray", "slug": "4036820b-b5a8-11ec-ba99-ecf4bb0b97d4"}}, {"model": "post.tag", "pk": 37, "fields": {"title": " fast", "slug": "4043f114-b5a8-11ec-b7e5-ecf4bb0b97d4"}}, {"model": "post.tag", "pk": 38, "fields": {"title": " give", "slug": "40519275-b5a8-11ec-8208-ecf4bb0b97d4"}}, {"model": "post.tag", "pk": 39, "fields": {"title": "dfd", "slug": "5216cb00-b5a8-11ec-9d5d-ecf4bb0b97d4"}}, {"model": "post.tag", "pk": 40, "fields": {"title": "goprisco", "slug": "8aa6dfdf-b5a8-11ec-af3e-ecf4bb0b97d4"}}, {"model": "post.tag", "pk": 41, "fields": {"title": " princewill", "slug": "8aba1fa6-b5a8-11ec-92f9-ecf4bb0b97d4"}}, {"model": "post.tag", "pk": 42, "fields": {"title": " forex", "slug": "8aca258f-b5a8-11ec-a1c4-ecf4bb0b97d4"}}, {"model": "post.tag", "pk": 43, "fields": {"title": " entrepreneur", "slug": "8ad713db-b5a8-11ec-94f9-ecf4bb0b97d4"}}, {"model": "post.tag", "pk": 44, "fields": {"title": "photography", "slug": "bcc05de6-b5a8-11ec-919a-ecf4bb0b97d4"}}, {"model": "post.tag", "pk": 45, "fields": {"title": "computer", "slug": "4f6c1ac4-b67b-11ec-bee4-ecf4bb0b97d4"}}, {"model": "post.tag", "pk": 46, "fields": {"title": " coding", "slug": "4f7cdfc0-b67b-11ec-b94b-ecf4bb0b97d4"}}, {"model": "post.tag", "pk": 47, "fields": {"title": " estate", "slug": "53e0f2b0-b69d-11ec-a750-ecf4bb0b97d4"}}, {"model": "post.tag", "pk": 48, "fields": {"title": "morning", "slug": "19816634-b69e-11ec-a84f-ecf4bb0b97d4"}}, {"model": "post.tag", "pk": 49, "fields": {"title": " united-kingdom", "slug": "198f708f-b69e-11ec-9f43-ecf4bb0b97d4"}}, {"model": "post.tag", "pk": 50, "fields": {"title": " sunrise", "slug": "199a6891-b69e-11ec-b53f-ecf4bb0b97d4"}}, {"model": "post.tag", "pk": 51, "fields": {"title": "pwill", "slug": "e15f33de-b69e-11ec-8262-ecf4bb0b97d4"}}, {"model": "post.tag", "pk": 52, "fields": {"title": " goprisco", "slug": "e16d4e8d-b69e-11ec-9d5f-ecf4bb0b97d4"}}, {"model": "post.tag", "pk": 53, "fields": {"title": " forex-trader", "slug": "e18a1174-b69e-11ec-afca-ecf4bb0b97d4"}}, {"model": "post.tag", "pk": 54, "fields": {"title": "work", "slug": "ef6fca7b-b69e-11ec-b2ea-ecf4bb0b97d4"}}, {"model": "post.tag", "pk": 55, "fields": {"title": " computer", "slug": "ef88e181-b69e-11ec-8411-ecf4bb0b97d4"}}, {"model": "post.tag", "pk": 56, "fields": {"title": " pwill", "slug": "0286dfc7-b69f-11ec-90a9-ecf4bb0b97d4"}}, {"model": "post.tag", "pk": 57, "fields": {"title": "halloween", "slug": "9c23e041-b6eb-11ec-9c0a-ecf4bb0b97d4"}}, {"model": "post.tag", "pk": 58, "fields": {"title": " pumpkin", "slug": "9c367971-b6eb-11ec-82ba-ecf4bb0b97d4"}}, {"model": "post.tag", "pk": 59, "fields": {"title": " scary", "slug": "9c4458d8-b6eb-11ec-aa85-ecf4bb0b97d4"}}, {"model": "post.tag", "pk": 60, "fields": {"title": " real-state", "slug": "b57b11fc-b6eb-11ec-8378-ecf4bb0b97d4"}}, {"model": "post.tag", "pk": 61, "fields": {"title": "test", "slug": "65872c80-b6a3-11ef-bf16-001a7dda7110"}}, {"model": "post.post", "pk": "093638e2-5cad-41f5-b907-fc646d53a961", "fields": {"picture": "user_1/netflixbg.jpg", "caption": "this is a netflix banner", "posted": "2022-02-07", "user": 1, "likes": 1, "tags": [3, 4, 5]}}, {"model": "post.post", "pk": "0a6e0346-6a5f-4848-a1c7-d979df1cc40c", "fields": {"picture": "user_1/a3c84750d3fbaf4759bec145cc48ced5.png", "caption": "Velit nostr", "posted": "2022-02-11", "user": 1, "likes": 1, "tags": [11, 12, 13]}}, {"model": "post.post", "pk": "16c86a2f-8d89-4062-bfb1-460ff5b12444", "fields": {"picture": "user_16/architecture-5339245_1920.jpg", "caption": "My New Real Estate", "posted": "2022-04-07", "user": 16, "likes": 2, "tags": [23, 47]}}, {"model": "post.post", "pk": "2b0687fc-18bb-4052-8a74-009932e8479f", "fields": {"picture": "user_1/login-img_6o5zFEo.jpg", "caption": "Beautiful UI & UX Design", "posted": "2022-01-01", "user": 1, "likes": 0, "tags": [1, 2]}}, {"model": "post.post", "pk": "306e742e-8f12-44f5-b729-496d34506b7c", "fields": {"picture": "user_1/portrait-young-woman-who-is-posing-covered-with-black-paint.jpg", "caption": "Pa", "posted": "2022-02-10", "user": 1, "likes": 1, "tags": [21]}}, {"model": "post.post", "pk": "32e19de4-c8df-4a00-b817-7b7b3effafdd", "fields": {"picture": "user_18/it-specialist-checking-code-computer-dark-office-night.jpg", "caption": "Me At Work", "posted": "2022-04-07", "user": 18, "likes": 0, "tags": [46, 54, 55]}}, {"model": "post.post", "pk": "3b495cd7-d8d4-4fb5-a124-ff2500c5437a", "fields": {"picture": "user_1/adult-gf704b6ebe_1920.jpg", "caption": "Pray Always", "posted": "2022-04-06", "user": 1, "likes": 1, "tags": [35, 36, 37, 38]}}, {"model": "post.post", "pk": "43faa3e5-7fb5-4904-bdf1-40355e8d12fa", "fields": {"picture": "user_20/Untitled_-_Frame_1_DjfYp2S.jpg", "caption": "123", "posted": "2024-12-10", "user": 20, "likes": 2, "tags": [61]}}, {"model": "post.post", "pk": "475c464f-a8d1-4031-939e-c4bb9fa1e167", "fields": {"picture": "user_1/destiny2.jpg", "caption": "How do i look today", "posted": "2022-02-14", "user": 1, "likes": 1, "tags": [28, 29, 30, 31]}}, {"model": "post.post", "pk": "4b8af694-cb0a-4154-80d4-5a47ec093830", "fields": {"picture": "user_18/pexels-engin-akyurt-1483595.jpg", "caption": "Portrait Photography", "posted": "2022-04-07", "user": 18, "likes": 0, "tags": [44, 52, 56]}}, {"model": "post.post", "pk": "6716d27a-4279-497f-aa4a-5e26ed76d309", "fields": {"picture": "user_1/pexels-engin-akyurt-1483595.jpg", "caption": "Portrait Photography", "posted": "2022-04-06", "user": 1, "likes": 0, "tags": [44]}}, {"model": "post.post", "pk": "6735255e-e20a-4d55-a707-a88881073bf4", "fields": {"picture": "user_3/architecture-5339245_1920.jpg", "caption": "Beautiful House", "posted": "2022-02-11", "user": 3, "likes": 1, "tags": [23, 24, 25, 26]}}, {"model": "post.post", "pk": "6a3e2431-9a68-4d26-a762-733fe40d8402", "fields": {"picture": "user_1/adult-gf704b6ebe_1920_rAr6MiC.jpg", "caption": "Pray Always", "posted": "2022-04-06", "user": 1, "likes": 0, "tags": [35, 36, 37, 38]}}, {"model": "post.post", "pk": "6b0b575e-d89a-46d6-9bc7-ba22f5e47b82", "fields": {"picture": "user_3/3d-geometrical-texture.jpg", "caption": "Amazing Pic", "posted": "2022-01-01", "user": 3, "likes": 1, "tags": [2, 3]}}, {"model": "post.post", "pk": "74c3b968-b99b-48a6-a113-620e33f66854", "fields": {"picture": "user_3/DexxaPik-Logo.jpg", "caption": "I want to welcome you dexxapipk", "posted": "2022-02-08", "user": 3, "likes": 1, "tags": [5, 14, 15]}}, {"model": "post.post", "pk": "7ea81603-0e16-4c03-8493-5aa09a23987c", "fields": {"picture": "user_19/HALLOWEEN.jpg", "caption": "Halloween", "posted": "2022-04-08", "user": 19, "likes": 2, "tags": [57, 58, 59]}}, {"model": "post.post", "pk": "8d70b53a-6577-4664-886d-865e4fd1bf23", "fields": {"picture": "user_18/WhatsApp_Image_2021-10-18_at_11.10.52_PM.jpeg", "caption": "Welcome to my official instagram page", "posted": "2022-04-07", "user": 18, "likes": 0, "tags": [51, 52, 53]}}, {"model": "post.post", "pk": "a07406a1-1d85-4ad8-823b-74b1fda71023", "fields": {"picture": "user_1/netflix1.jpg", "caption": "Netflix Clone Out now on Youtube and all platforms https://www.youtube.com/c/desphixs", "posted": "2022-02-13", "user": 1, "likes": 1, "tags": [11, 12, 13, 26, 27]}}, {"model": "post.post", "pk": "a3051b2d-adc9-45c2-9654-302f86d91aac", "fields": {"picture": "user_17/sunset-690333_1920.jpg", "caption": "Nice View Out Here", "posted": "2022-04-07", "user": 17, "likes": 2, "tags": [48, 49, 50]}}, {"model": "post.post", "pk": "a8070c54-1516-49bb-9aca-da599a936a50", "fields": {"picture": "user_1/m3_1.JPG", "caption": "C.E.O/ Founder @Goprisco - Princewill Mpama", "posted": "2022-04-06", "user": 1, "likes": 0, "tags": [40, 41, 42, 43]}}, {"model": "post.post", "pk": "ac4d0850-528f-484d-a2eb-3c365d66768a", "fields": {"picture": "user_1/destiny.jpeg", "caption": "Hi", "posted": "2022-02-11", "user": 1, "likes": 2, "tags": [22]}}, {"model": "post.post", "pk": "bb43e619-7ec8-46cf-aa55-13bfa4c65ee4", "fields": {"picture": "user_1/netflix_clone_demp.jpg", "caption": "This is a netflix clone by destiny franks", "posted": "2022-02-08", "user": 1, "likes": 2, "tags": [11, 12, 13]}}, {"model": "post.post", "pk": "c68f9e34-a62d-485a-894e-ed8c18fdf1fa", "fields": {"picture": "user_3/kisspng-question-mark-3d-computer-graphics-clip-art-grassroots-cliparts-5a85ee6d4_yt6My3b.png", "caption": "Ask yoursekf", "posted": "2022-02-14", "user": 3, "likes": 2, "tags": [32]}}, {"model": "post.post", "pk": "c7282e7c-a664-4bed-b6d9-656a01cc04d5", "fields": {"picture": "user_1/pexels-gustavo-fring-4254164.jpg", "caption": "Solar Panel", "posted": "2022-04-06", "user": 1, "likes": 1, "tags": [33, 34]}}, {"model": "post.post", "pk": "c91b2ef2-46d6-4f51-a49d-7120a47e0dd1", "fields": {"picture": "user_1/netflixbg_zSGA9Ke.jpg", "caption": "new post from frontend", "posted": "2022-02-07", "user": 1, "likes": 1, "tags": [6, 7, 8]}}, {"model": "post.post", "pk": "ca4d252e-f582-4c16-8db5-1c85dbeb440c", "fields": {"picture": "user_1/amPv8n4_460s.jpg", "caption": "new", "posted": "2022-02-07", "user": 1, "likes": 0, "tags": [9]}}, {"model": "post.post", "pk": "cf12713b-f1fd-40de-b7ce-95b5475afb7d", "fields": {"picture": "user_1/about.png", "caption": "asdf", "posted": "2022-04-06", "user": 1, "likes": 0, "tags": [39]}}, {"model": "post.post", "pk": "e31723a7-92d8-4ceb-9a03-da1767813bab", "fields": {"picture": "user_19/pexels-atbo-245240.jpg", "caption": "My House", "posted": "2022-04-08", "user": 19, "likes": 0, "tags": [23, 60]}}, {"model": "post.post", "pk": "eebe00ae-e1ed-47fc-a47d-b270e5d57a49", "fields": {"picture": "user_1/258881493_312673337137064_1958183110015580255_n.jpg", "caption": "What emplyee want to see", "posted": "2022-02-10", "user": 1, "likes": 1, "tags": [17, 18, 19, 20]}}, {"model": "post.likes", "pk": 6, "fields": {"user": 1, "post": "6b0b575e-d89a-46d6-9bc7-ba22f5e47b82"}}, {"model": "post.likes", "pk": 8, "fields": {"user": 3, "post": "bb43e619-7ec8-46cf-aa55-13bfa4c65ee4"}}, {"model": "post.likes", "pk": 11, "fields": {"user": 1, "post": "bb43e619-7ec8-46cf-aa55-13bfa4c65ee4"}}, {"model": "post.likes", "pk": 14, "fields": {"user": 1, "post": "eebe00ae-e1ed-47fc-a47d-b270e5d57a49"}}, {"model": "post.likes", "pk": 15, "fields": {"user": 1, "post": "c91b2ef2-46d6-4f51-a49d-7120a47e0dd1"}}, {"model": "post.likes", "pk": 17, "fields": {"user": 1, "post": "093638e2-5cad-41f5-b907-fc646d53a961"}}, {"model": "post.likes", "pk": 18, "fields": {"user": 1, "post": "ac4d0850-528f-484d-a2eb-3c365d66768a"}}, {"model": "post.likes", "pk": 19, "fields": {"user": 1, "post": "74c3b968-b99b-48a6-a113-620e33f66854"}}, {"model": "post.likes", "pk": 20, "fields": {"user": 3, "post": "ac4d0850-528f-484d-a2eb-3c365d66768a"}}, {"model": "post.likes", "pk": 21, "fields": {"user": 3, "post": "306e742e-8f12-44f5-b729-496d34506b7c"}}, {"model": "post.likes", "pk": 23, "fields": {"user": 3, "post": "6735255e-e20a-4d55-a707-a88881073bf4"}}, {"model": "post.likes", "pk": 24, "fields": {"user": 1, "post": "a07406a1-1d85-4ad8-823b-74b1fda71023"}}, {"model": "post.likes", "pk": 25, "fields": {"user": 3, "post": "a07406a1-1d85-4ad8-823b-74b1fda71023"}}, {"model": "post.likes", "pk": 26, "fields": {"user": 3, "post": "0a6e0346-6a5f-4848-a1c7-d979df1cc40c"}}, {"model": "post.likes", "pk": 29, "fields": {"user": 1, "post": "0a6e0346-6a5f-4848-a1c7-d979df1cc40c"}}, {"model": "post.likes", "pk": 30, "fields": {"user": 3, "post": "c68f9e34-a62d-485a-894e-ed8c18fdf1fa"}}, {"model": "post.likes", "pk": 31, "fields": {"user": 1, "post": "c68f9e34-a62d-485a-894e-ed8c18fdf1fa"}}, {"model": "post.likes", "pk": 32, "fields": {"user": 1, "post": "c7282e7c-a664-4bed-b6d9-656a01cc04d5"}}, {"model": "post.likes", "pk": 34, "fields": {"user": 1, "post": "3b495cd7-d8d4-4fb5-a124-ff2500c5437a"}}, {"model": "post.likes", "pk": 35, "fields": {"user": 16, "post": "16c86a2f-8d89-4062-bfb1-460ff5b12444"}}, {"model": "post.likes", "pk": 36, "fields": {"user": 17, "post": "16c86a2f-8d89-4062-bfb1-460ff5b12444"}}, {"model": "post.likes", "pk": 37, "fields": {"user": 17, "post": "a3051b2d-adc9-45c2-9654-302f86d91aac"}}, {"model": "post.likes", "pk": 38, "fields": {"user": 18, "post": "a3051b2d-adc9-45c2-9654-302f86d91aac"}}, {"model": "post.likes", "pk": 39, "fields": {"user": 19, "post": "7ea81603-0e16-4c03-8493-5aa09a23987c"}}, {"model": "post.likes", "pk": 41, "fields": {"user": 1, "post": "7ea81603-0e16-4c03-8493-5aa09a23987c"}}, {"model": "post.likes", "pk": 44, "fields": {"user": 20, "post": "43faa3e5-7fb5-4904-bdf1-40355e8d12fa"}}, {"model": "post.likes", "pk": 45, "fields": {"user": 21, "post": "43faa3e5-7fb5-4904-bdf1-40355e8d12fa"}}, {"model": "post.follow", "pk": 23, "fields": {"follower": 1, "following": 1}}, {"model": "post.follow", "pk": 24, "fields": {"follower": 1, "following": 3}}, {"model": "post.follow", "pk": 26, "fields": {"follower": 3, "following": 1}}, {"model": "post.follow", "pk": 27, "fields": {"follower": 3, "following": 3}}, {"model": "post.follow", "pk": 29, "fields": {"follower": 12, "following": 3}}, {"model": "post.follow", "pk": 30, "fields": {"follower": 12, "following": 1}}, {"model": "post.follow", "pk": 31, "fields": {"follower": 12, "following": 12}}, {"model": "post.follow", "pk": 32, "fields": {"follower": 13, "following": 1}}, {"model": "post.follow", "pk": 33, "fields": {"follower": 14, "following": 3}}, {"model": "post.follow", "pk": 34, "fields": {"follower": 14, "following": 1}}, {"model": "post.follow", "pk": 35, "fields": {"follower": 15, "following": 14}}, {"model": "post.follow", "pk": 36, "fields": {"follower": 15, "following": 13}}, {"model": "post.follow", "pk": 37, "fields": {"follower": 15, "following": 12}}, {"model": "post.follow", "pk": 38, "fields": {"follower": 15, "following": 3}}, {"model": "post.follow", "pk": 39, "fields": {"follower": 15, "following": 1}}, {"model": "post.follow", "pk": 41, "fields": {"follower": 16, "following": 1}}, {"model": "post.follow", "pk": 43, "fields": {"follower": 16, "following": 3}}, {"model": "post.follow", "pk": 45, "fields": {"follower": 18, "following": 1}}, {"model": "post.follow", "pk": 46, "fields": {"follower": 18, "following": 3}}, {"model": "post.follow", "pk": 47, "fields": {"follower": 18, "following": 12}}, {"model": "post.follow", "pk": 48, "fields": {"follower": 18, "following": 15}}, {"model": "post.follow", "pk": 49, "fields": {"follower": 18, "following": 16}}, {"model": "post.follow", "pk": 50, "fields": {"follower": 18, "following": 17}}, {"model": "post.follow", "pk": 51, "fields": {"follower": 17, "following": 1}}, {"model": "post.follow", "pk": 53, "fields": {"follower": 19, "following": 1}}, {"model": "post.follow", "pk": 54, "fields": {"follower": 19, "following": 3}}, {"model": "post.follow", "pk": 55, "fields": {"follower": 19, "following": 15}}, {"model": "post.follow", "pk": 56, "fields": {"follower": 1, "following": 18}}, {"model": "post.follow", "pk": 58, "fields": {"follower": 20, "following": 1}}, {"model": "post.follow", "pk": 60, "fields": {"follower": 20, "following": 21}}, {"model": "post.follow", "pk": 62, "fields": {"follower": 21, "following": 20}}, {"model": "post.stream", "pk": 136, "fields": {"following": 1, "user": 1, "post": "2b0687fc-18bb-4052-8a74-009932e8479f", "date": "2022-01-01T00:00:00Z"}}, {"model": "post.stream", "pk": 137, "fields": {"following": 1, "user": 1, "post": "093638e2-5cad-41f5-b907-fc646d53a961", "date": "2022-02-07T00:00:00Z"}}, {"model": "post.stream", "pk": 138, "fields": {"following": 1, "user": 1, "post": "c91b2ef2-46d6-4f51-a49d-7120a47e0dd1", "date": "2022-02-07T00:00:00Z"}}, {"model": "post.stream", "pk": 139, "fields": {"following": 1, "user": 1, "post": "ca4d252e-f582-4c16-8db5-1c85dbeb440c", "date": "2022-02-07T00:00:00Z"}}, {"model": "post.stream", "pk": 140, "fields": {"following": 1, "user": 1, "post": "bb43e619-7ec8-46cf-aa55-13bfa4c65ee4", "date": "2022-02-08T00:00:00Z"}}, {"model": "post.stream", "pk": 141, "fields": {"following": 1, "user": 1, "post": "eebe00ae-e1ed-47fc-a47d-b270e5d57a49", "date": "2022-02-10T00:00:00Z"}}, {"model": "post.stream", "pk": 142, "fields": {"following": 1, "user": 1, "post": "306e742e-8f12-44f5-b729-496d34506b7c", "date": "2022-02-10T00:00:00Z"}}, {"model": "post.stream", "pk": 143, "fields": {"following": 1, "user": 1, "post": "0a6e0346-6a5f-4848-a1c7-d979df1cc40c", "date": "2022-02-11T00:00:00Z"}}, {"model": "post.stream", "pk": 144, "fields": {"following": 1, "user": 1, "post": "ac4d0850-528f-484d-a2eb-3c365d66768a", "date": "2022-02-11T00:00:00Z"}}, {"model": "post.stream", "pk": 145, "fields": {"following": 1, "user": 1, "post": "a07406a1-1d85-4ad8-823b-74b1fda71023", "date": "2022-02-13T00:00:00Z"}}, {"model": "post.stream", "pk": 146, "fields": {"following": 1, "user": 1, "post": "475c464f-a8d1-4031-939e-c4bb9fa1e167", "date": "2022-02-14T00:00:00Z"}}, {"model": "post.stream", "pk": 147, "fields": {"following": 3, "user": 1, "post": "6b0b575e-d89a-46d6-9bc7-ba22f5e47b82", "date": "2022-01-01T00:00:00Z"}}, {"model": "post.stream", "pk": 148, "fields": {"following": 3, "user": 1, "post": "74c3b968-b99b-48a6-a113-620e33f66854", "date": "2022-02-08T00:00:00Z"}}, {"model": "post.stream", "pk": 149, "fields": {"following": 3, "user": 1, "post": "6735255e-e20a-4d55-a707-a88881073bf4", "date": "2022-02-11T00:00:00Z"}}, {"model": "post.stream", "pk": 152, "fields": {"following": 1, "user": 1, "post": "0a6e0346-6a5f-4848-a1c7-d979df1cc40c", "date": "2022-02-11T00:00:00Z"}}, {"model": "post.stream", "pk": 153, "fields": {"following": 1, "user": 1, "post": "0a6e0346-6a5f-4848-a1c7-d979df1cc40c", "date": "2022-02-11T00:00:00Z"}}, {"model": "post.stream", "pk": 154, "fields": {"following": 1, "user": 3, "post": "2b0687fc-18bb-4052-8a74-009932e8479f", "date": "2022-01-01T00:00:00Z"}}, {"model": "post.stream", "pk": 155, "fields": {"following": 1, "user": 3, "post": "093638e2-5cad-41f5-b907-fc646d53a961", "date": "2022-02-07T00:00:00Z"}}, {"model": "post.stream", "pk": 156, "fields": {"following": 1, "user": 3, "post": "c91b2ef2-46d6-4f51-a49d-7120a47e0dd1", "date": "2022-02-07T00:00:00Z"}}, {"model": "post.stream", "pk": 157, "fields": {"following": 1, "user": 3, "post": "ca4d252e-f582-4c16-8db5-1c85dbeb440c", "date": "2022-02-07T00:00:00Z"}}, {"model": "post.stream", "pk": 158, "fields": {"following": 1, "user": 3, "post": "bb43e619-7ec8-46cf-aa55-13bfa4c65ee4", "date": "2022-02-08T00:00:00Z"}}, {"model": "post.stream", "pk": 159, "fields": {"following": 1, "user": 3, "post": "eebe00ae-e1ed-47fc-a47d-b270e5d57a49", "date": "2022-02-10T00:00:00Z"}}, {"model": "post.stream", "pk": 160, "fields": {"following": 1, "user": 3, "post": "306e742e-8f12-44f5-b729-496d34506b7c", "date": "2022-02-10T00:00:00Z"}}, {"model": "post.stream", "pk": 161, "fields": {"following": 1, "user": 3, "post": "0a6e0346-6a5f-4848-a1c7-d979df1cc40c", "date": "2022-02-11T00:00:00Z"}}, {"model": "post.stream", "pk": 162, "fields": {"following": 1, "user": 3, "post": "ac4d0850-528f-484d-a2eb-3c365d66768a", "date": "2022-02-11T00:00:00Z"}}, {"model": "post.stream", "pk": 163, "fields": {"following": 1, "user": 3, "post": "a07406a1-1d85-4ad8-823b-74b1fda71023", "date": "2022-02-13T00:00:00Z"}}, {"model": "post.stream", "pk": 164, "fields": {"following": 1, "user": 3, "post": "475c464f-a8d1-4031-939e-c4bb9fa1e167", "date": "2022-02-14T00:00:00Z"}}, {"model": "post.stream", "pk": 165, "fields": {"following": 1, "user": 1, "post": "475c464f-a8d1-4031-939e-c4bb9fa1e167", "date": "2022-02-14T00:00:00Z"}}, {"model": "post.stream", "pk": 166, "fields": {"following": 1, "user": 3, "post": "475c464f-a8d1-4031-939e-c4bb9fa1e167", "date": "2022-02-14T00:00:00Z"}}, {"model": "post.stream", "pk": 167, "fields": {"following": 3, "user": 3, "post": "6b0b575e-d89a-46d6-9bc7-ba22f5e47b82", "date": "2022-01-01T00:00:00Z"}}, {"model": "post.stream", "pk": 168, "fields": {"following": 3, "user": 3, "post": "74c3b968-b99b-48a6-a113-620e33f66854", "date": "2022-02-08T00:00:00Z"}}, {"model": "post.stream", "pk": 169, "fields": {"following": 3, "user": 3, "post": "6735255e-e20a-4d55-a707-a88881073bf4", "date": "2022-02-11T00:00:00Z"}}, {"model": "post.stream", "pk": 170, "fields": {"following": 3, "user": 1, "post": "c68f9e34-a62d-485a-894e-ed8c18fdf1fa", "date": "2022-02-14T00:00:00Z"}}, {"model": "post.stream", "pk": 171, "fields": {"following": 3, "user": 3, "post": "c68f9e34-a62d-485a-894e-ed8c18fdf1fa", "date": "2022-02-14T00:00:00Z"}}, {"model": "post.stream", "pk": 172, "fields": {"following": 3, "user": 1, "post": "c68f9e34-a62d-485a-894e-ed8c18fdf1fa", "date": "2022-02-14T00:00:00Z"}}, {"model": "post.stream", "pk": 173, "fields": {"following": 3, "user": 3, "post": "c68f9e34-a62d-485a-894e-ed8c18fdf1fa", "date": "2022-02-14T00:00:00Z"}}, {"model": "post.stream", "pk": 174, "fields": {"following": 3, "user": 1, "post": "c68f9e34-a62d-485a-894e-ed8c18fdf1fa", "date": "2022-02-14T00:00:00Z"}}, {"model": "post.stream", "pk": 175, "fields": {"following": 3, "user": 3, "post": "c68f9e34-a62d-485a-894e-ed8c18fdf1fa", "date": "2022-02-14T00:00:00Z"}}, {"model": "post.stream", "pk": 176, "fields": {"following": 3, "user": 1, "post": "c68f9e34-a62d-485a-894e-ed8c18fdf1fa", "date": "2022-02-14T00:00:00Z"}}, {"model": "post.stream", "pk": 177, "fields": {"following": 3, "user": 3, "post": "c68f9e34-a62d-485a-894e-ed8c18fdf1fa", "date": "2022-02-14T00:00:00Z"}}, {"model": "post.stream", "pk": 178, "fields": {"following": 1, "user": 1, "post": "c7282e7c-a664-4bed-b6d9-656a01cc04d5", "date": "2022-04-06T00:00:00Z"}}, {"model": "post.stream", "pk": 179, "fields": {"following": 1, "user": 3, "post": "c7282e7c-a664-4bed-b6d9-656a01cc04d5", "date": "2022-04-06T00:00:00Z"}}, {"model": "post.stream", "pk": 180, "fields": {"following": 1, "user": 1, "post": "c7282e7c-a664-4bed-b6d9-656a01cc04d5", "date": "2022-04-06T00:00:00Z"}}, {"model": "post.stream", "pk": 181, "fields": {"following": 1, "user": 3, "post": "c7282e7c-a664-4bed-b6d9-656a01cc04d5", "date": "2022-04-06T00:00:00Z"}}, {"model": "post.stream", "pk": 182, "fields": {"following": 1, "user": 1, "post": "3b495cd7-d8d4-4fb5-a124-ff2500c5437a", "date": "2022-04-06T00:00:00Z"}}, {"model": "post.stream", "pk": 183, "fields": {"following": 1, "user": 3, "post": "3b495cd7-d8d4-4fb5-a124-ff2500c5437a", "date": "2022-04-06T00:00:00Z"}}, {"model": "post.stream", "pk": 184, "fields": {"following": 1, "user": 1, "post": "3b495cd7-d8d4-4fb5-a124-ff2500c5437a", "date": "2022-04-06T00:00:00Z"}}, {"model": "post.stream", "pk": 185, "fields": {"following": 1, "user": 3, "post": "3b495cd7-d8d4-4fb5-a124-ff2500c5437a", "date": "2022-04-06T00:00:00Z"}}, {"model": "post.stream", "pk": 186, "fields": {"following": 1, "user": 1, "post": "6a3e2431-9a68-4d26-a762-733fe40d8402", "date": "2022-04-06T00:00:00Z"}}, {"model": "post.stream", "pk": 187, "fields": {"following": 1, "user": 3, "post": "6a3e2431-9a68-4d26-a762-733fe40d8402", "date": "2022-04-06T00:00:00Z"}}, {"model": "post.stream", "pk": 188, "fields": {"following": 1, "user": 1, "post": "6a3e2431-9a68-4d26-a762-733fe40d8402", "date": "2022-04-06T00:00:00Z"}}, {"model": "post.stream", "pk": 189, "fields": {"following": 1, "user": 3, "post": "6a3e2431-9a68-4d26-a762-733fe40d8402", "date": "2022-04-06T00:00:00Z"}}, {"model": "post.stream", "pk": 190, "fields": {"following": 1, "user": 1, "post": "cf12713b-f1fd-40de-b7ce-95b5475afb7d", "date": "2022-04-06T00:00:00Z"}}, {"model": "post.stream", "pk": 191, "fields": {"following": 1, "user": 3, "post": "cf12713b-f1fd-40de-b7ce-95b5475afb7d", "date": "2022-04-06T00:00:00Z"}}, {"model": "post.stream", "pk": 192, "fields": {"following": 1, "user": 1, "post": "cf12713b-f1fd-40de-b7ce-95b5475afb7d", "date": "2022-04-06T00:00:00Z"}}, {"model": "post.stream", "pk": 193, "fields": {"following": 1, "user": 3, "post": "cf12713b-f1fd-40de-b7ce-95b5475afb7d", "date": "2022-04-06T00:00:00Z"}}, {"model": "post.stream", "pk": 194, "fields": {"following": 1, "user": 1, "post": "a8070c54-1516-49bb-9aca-da599a936a50", "date": "2022-04-06T00:00:00Z"}}, {"model": "post.stream", "pk": 195, "fields": {"following": 1, "user": 3, "post": "a8070c54-1516-49bb-9aca-da599a936a50", "date": "2022-04-06T00:00:00Z"}}, {"model": "post.stream", "pk": 196, "fields": {"following": 1, "user": 1, "post": "a8070c54-1516-49bb-9aca-da599a936a50", "date": "2022-04-06T00:00:00Z"}}, {"model": "post.stream", "pk": 197, "fields": {"following": 1, "user": 3, "post": "a8070c54-1516-49bb-9aca-da599a936a50", "date": "2022-04-06T00:00:00Z"}}, {"model": "post.stream", "pk": 198, "fields": {"following": 1, "user": 1, "post": "c7282e7c-a664-4bed-b6d9-656a01cc04d5", "date": "2022-04-06T00:00:00Z"}}, {"model": "post.stream", "pk": 199, "fields": {"following": 1, "user": 3, "post": "c7282e7c-a664-4bed-b6d9-656a01cc04d5", "date": "2022-04-06T00:00:00Z"}}, {"model": "post.stream", "pk": 200, "fields": {"following": 1, "user": 1, "post": "6716d27a-4279-497f-aa4a-5e26ed76d309", "date": "2022-04-06T00:00:00Z"}}, {"model": "post.stream", "pk": 201, "fields": {"following": 1, "user": 3, "post": "6716d27a-4279-497f-aa4a-5e26ed76d309", "date": "2022-04-06T00:00:00Z"}}, {"model": "post.stream", "pk": 202, "fields": {"following": 1, "user": 1, "post": "6716d27a-4279-497f-aa4a-5e26ed76d309", "date": "2022-04-06T00:00:00Z"}}, {"model": "post.stream", "pk": 203, "fields": {"following": 1, "user": 3, "post": "6716d27a-4279-497f-aa4a-5e26ed76d309", "date": "2022-04-06T00:00:00Z"}}, {"model": "post.stream", "pk": 204, "fields": {"following": 3, "user": 12, "post": "6b0b575e-d89a-46d6-9bc7-ba22f5e47b82", "date": "2022-01-01T00:00:00Z"}}, {"model": "post.stream", "pk": 205, "fields": {"following": 3, "user": 12, "post": "74c3b968-b99b-48a6-a113-620e33f66854", "date": "2022-02-08T00:00:00Z"}}, {"model": "post.stream", "pk": 206, "fields": {"following": 3, "user": 12, "post": "6735255e-e20a-4d55-a707-a88881073bf4", "date": "2022-02-11T00:00:00Z"}}, {"model": "post.stream", "pk": 207, "fields": {"following": 3, "user": 12, "post": "c68f9e34-a62d-485a-894e-ed8c18fdf1fa", "date": "2022-02-14T00:00:00Z"}}, {"model": "post.stream", "pk": 208, "fields": {"following": 1, "user": 12, "post": "2b0687fc-18bb-4052-8a74-009932e8479f", "date": "2022-01-01T00:00:00Z"}}, {"model": "post.stream", "pk": 209, "fields": {"following": 1, "user": 12, "post": "093638e2-5cad-41f5-b907-fc646d53a961", "date": "2022-02-07T00:00:00Z"}}, {"model": "post.stream", "pk": 210, "fields": {"following": 1, "user": 12, "post": "c91b2ef2-46d6-4f51-a49d-7120a47e0dd1", "date": "2022-02-07T00:00:00Z"}}, {"model": "post.stream", "pk": 211, "fields": {"following": 1, "user": 12, "post": "ca4d252e-f582-4c16-8db5-1c85dbeb440c", "date": "2022-02-07T00:00:00Z"}}, {"model": "post.stream", "pk": 212, "fields": {"following": 1, "user": 12, "post": "bb43e619-7ec8-46cf-aa55-13bfa4c65ee4", "date": "2022-02-08T00:00:00Z"}}, {"model": "post.stream", "pk": 213, "fields": {"following": 1, "user": 12, "post": "eebe00ae-e1ed-47fc-a47d-b270e5d57a49", "date": "2022-02-10T00:00:00Z"}}, {"model": "post.stream", "pk": 214, "fields": {"following": 1, "user": 12, "post": "306e742e-8f12-44f5-b729-496d34506b7c", "date": "2022-02-10T00:00:00Z"}}, {"model": "post.stream", "pk": 215, "fields": {"following": 1, "user": 12, "post": "0a6e0346-6a5f-4848-a1c7-d979df1cc40c", "date": "2022-02-11T00:00:00Z"}}, {"model": "post.stream", "pk": 216, "fields": {"following": 1, "user": 12, "post": "ac4d0850-528f-484d-a2eb-3c365d66768a", "date": "2022-02-11T00:00:00Z"}}, {"model": "post.stream", "pk": 217, "fields": {"following": 1, "user": 12, "post": "a07406a1-1d85-4ad8-823b-74b1fda71023", "date": "2022-02-13T00:00:00Z"}}, {"model": "post.stream", "pk": 218, "fields": {"following": 1, "user": 12, "post": "475c464f-a8d1-4031-939e-c4bb9fa1e167", "date": "2022-02-14T00:00:00Z"}}, {"model": "post.stream", "pk": 219, "fields": {"following": 1, "user": 12, "post": "c7282e7c-a664-4bed-b6d9-656a01cc04d5", "date": "2022-04-06T00:00:00Z"}}, {"model": "post.stream", "pk": 220, "fields": {"following": 1, "user": 12, "post": "3b495cd7-d8d4-4fb5-a124-ff2500c5437a", "date": "2022-04-06T00:00:00Z"}}, {"model": "post.stream", "pk": 221, "fields": {"following": 1, "user": 12, "post": "6a3e2431-9a68-4d26-a762-733fe40d8402", "date": "2022-04-06T00:00:00Z"}}, {"model": "post.stream", "pk": 222, "fields": {"following": 1, "user": 12, "post": "cf12713b-f1fd-40de-b7ce-95b5475afb7d", "date": "2022-04-06T00:00:00Z"}}, {"model": "post.stream", "pk": 223, "fields": {"following": 1, "user": 12, "post": "a8070c54-1516-49bb-9aca-da599a936a50", "date": "2022-04-06T00:00:00Z"}}, {"model": "post.stream", "pk": 224, "fields": {"following": 1, "user": 12, "post": "6716d27a-4279-497f-aa4a-5e26ed76d309", "date": "2022-04-06T00:00:00Z"}}, {"model": "post.stream", "pk": 225, "fields": {"following": 1, "user": 13, "post": "2b0687fc-18bb-4052-8a74-009932e8479f", "date": "2022-01-01T00:00:00Z"}}, {"model": "post.stream", "pk": 226, "fields": {"following": 1, "user": 13, "post": "093638e2-5cad-41f5-b907-fc646d53a961", "date": "2022-02-07T00:00:00Z"}}, {"model": "post.stream", "pk": 227, "fields": {"following": 1, "user": 13, "post": "c91b2ef2-46d6-4f51-a49d-7120a47e0dd1", "date": "2022-02-07T00:00:00Z"}}, {"model": "post.stream", "pk": 228, "fields": {"following": 1, "user": 13, "post": "ca4d252e-f582-4c16-8db5-1c85dbeb440c", "date": "2022-02-07T00:00:00Z"}}, {"model": "post.stream", "pk": 229, "fields": {"following": 1, "user": 13, "post": "bb43e619-7ec8-46cf-aa55-13bfa4c65ee4", "date": "2022-02-08T00:00:00Z"}}, {"model": "post.stream", "pk": 230, "fields": {"following": 1, "user": 13, "post": "eebe00ae-e1ed-47fc-a47d-b270e5d57a49", "date": "2022-02-10T00:00:00Z"}}, {"model": "post.stream", "pk": 231, "fields": {"following": 1, "user": 13, "post": "306e742e-8f12-44f5-b729-496d34506b7c", "date": "2022-02-10T00:00:00Z"}}, {"model": "post.stream", "pk": 232, "fields": {"following": 1, "user": 13, "post": "0a6e0346-6a5f-4848-a1c7-d979df1cc40c", "date": "2022-02-11T00:00:00Z"}}, {"model": "post.stream", "pk": 233, "fields": {"following": 1, "user": 13, "post": "ac4d0850-528f-484d-a2eb-3c365d66768a", "date": "2022-02-11T00:00:00Z"}}, {"model": "post.stream", "pk": 234, "fields": {"following": 1, "user": 13, "post": "a07406a1-1d85-4ad8-823b-74b1fda71023", "date": "2022-02-13T00:00:00Z"}}, {"model": "post.stream", "pk": 235, "fields": {"following": 1, "user": 13, "post": "475c464f-a8d1-4031-939e-c4bb9fa1e167", "date": "2022-02-14T00:00:00Z"}}, {"model": "post.stream", "pk": 236, "fields": {"following": 1, "user": 13, "post": "c7282e7c-a664-4bed-b6d9-656a01cc04d5", "date": "2022-04-06T00:00:00Z"}}, {"model": "post.stream", "pk": 237, "fields": {"following": 1, "user": 13, "post": "3b495cd7-d8d4-4fb5-a124-ff2500c5437a", "date": "2022-04-06T00:00:00Z"}}, {"model": "post.stream", "pk": 238, "fields": {"following": 1, "user": 13, "post": "6a3e2431-9a68-4d26-a762-733fe40d8402", "date": "2022-04-06T00:00:00Z"}}, {"model": "post.stream", "pk": 239, "fields": {"following": 1, "user": 13, "post": "cf12713b-f1fd-40de-b7ce-95b5475afb7d", "date": "2022-04-06T00:00:00Z"}}, {"model": "post.stream", "pk": 240, "fields": {"following": 1, "user": 13, "post": "a8070c54-1516-49bb-9aca-da599a936a50", "date": "2022-04-06T00:00:00Z"}}, {"model": "post.stream", "pk": 241, "fields": {"following": 1, "user": 13, "post": "6716d27a-4279-497f-aa4a-5e26ed76d309", "date": "2022-04-06T00:00:00Z"}}, {"model": "post.stream", "pk": 242, "fields": {"following": 3, "user": 14, "post": "6b0b575e-d89a-46d6-9bc7-ba22f5e47b82", "date": "2022-01-01T00:00:00Z"}}, {"model": "post.stream", "pk": 243, "fields": {"following": 3, "user": 14, "post": "74c3b968-b99b-48a6-a113-620e33f66854", "date": "2022-02-08T00:00:00Z"}}, {"model": "post.stream", "pk": 244, "fields": {"following": 3, "user": 14, "post": "6735255e-e20a-4d55-a707-a88881073bf4", "date": "2022-02-11T00:00:00Z"}}, {"model": "post.stream", "pk": 245, "fields": {"following": 3, "user": 14, "post": "c68f9e34-a62d-485a-894e-ed8c18fdf1fa", "date": "2022-02-14T00:00:00Z"}}, {"model": "post.stream", "pk": 246, "fields": {"following": 3, "user": 14, "post": "6b0b575e-d89a-46d6-9bc7-ba22f5e47b82", "date": "2022-01-01T00:00:00Z"}}, {"model": "post.stream", "pk": 247, "fields": {"following": 3, "user": 14, "post": "74c3b968-b99b-48a6-a113-620e33f66854", "date": "2022-02-08T00:00:00Z"}}, {"model": "post.stream", "pk": 248, "fields": {"following": 3, "user": 14, "post": "6735255e-e20a-4d55-a707-a88881073bf4", "date": "2022-02-11T00:00:00Z"}}, {"model": "post.stream", "pk": 249, "fields": {"following": 3, "user": 14, "post": "c68f9e34-a62d-485a-894e-ed8c18fdf1fa", "date": "2022-02-14T00:00:00Z"}}, {"model": "post.stream", "pk": 250, "fields": {"following": 1, "user": 14, "post": "2b0687fc-18bb-4052-8a74-009932e8479f", "date": "2022-01-01T00:00:00Z"}}, {"model": "post.stream", "pk": 251, "fields": {"following": 1, "user": 14, "post": "093638e2-5cad-41f5-b907-fc646d53a961", "date": "2022-02-07T00:00:00Z"}}, {"model": "post.stream", "pk": 252, "fields": {"following": 1, "user": 14, "post": "c91b2ef2-46d6-4f51-a49d-7120a47e0dd1", "date": "2022-02-07T00:00:00Z"}}, {"model": "post.stream", "pk": 253, "fields": {"following": 1, "user": 14, "post": "ca4d252e-f582-4c16-8db5-1c85dbeb440c", "date": "2022-02-07T00:00:00Z"}}, {"model": "post.stream", "pk": 254, "fields": {"following": 1, "user": 14, "post": "bb43e619-7ec8-46cf-aa55-13bfa4c65ee4", "date": "2022-02-08T00:00:00Z"}}, {"model": "post.stream", "pk": 255, "fields": {"following": 1, "user": 14, "post": "eebe00ae-e1ed-47fc-a47d-b270e5d57a49", "date": "2022-02-10T00:00:00Z"}}, {"model": "post.stream", "pk": 256, "fields": {"following": 1, "user": 14, "post": "306e742e-8f12-44f5-b729-496d34506b7c", "date": "2022-02-10T00:00:00Z"}}, {"model": "post.stream", "pk": 257, "fields": {"following": 1, "user": 14, "post": "0a6e0346-6a5f-4848-a1c7-d979df1cc40c", "date": "2022-02-11T00:00:00Z"}}, {"model": "post.stream", "pk": 258, "fields": {"following": 1, "user": 14, "post": "ac4d0850-528f-484d-a2eb-3c365d66768a", "date": "2022-02-11T00:00:00Z"}}, {"model": "post.stream", "pk": 259, "fields": {"following": 1, "user": 14, "post": "a07406a1-1d85-4ad8-823b-74b1fda71023", "date": "2022-02-13T00:00:00Z"}}, {"model": "post.stream", "pk": 260, "fields": {"following": 1, "user": 14, "post": "475c464f-a8d1-4031-939e-c4bb9fa1e167", "date": "2022-02-14T00:00:00Z"}}, {"model": "post.stream", "pk": 261, "fields": {"following": 1, "user": 14, "post": "c7282e7c-a664-4bed-b6d9-656a01cc04d5", "date": "2022-04-06T00:00:00Z"}}, {"model": "post.stream", "pk": 262, "fields": {"following": 1, "user": 14, "post": "3b495cd7-d8d4-4fb5-a124-ff2500c5437a", "date": "2022-04-06T00:00:00Z"}}, {"model": "post.stream", "pk": 263, "fields": {"following": 1, "user": 14, "post": "6a3e2431-9a68-4d26-a762-733fe40d8402", "date": "2022-04-06T00:00:00Z"}}, {"model": "post.stream", "pk": 264, "fields": {"following": 1, "user": 14, "post": "cf12713b-f1fd-40de-b7ce-95b5475afb7d", "date": "2022-04-06T00:00:00Z"}}, {"model": "post.stream", "pk": 265, "fields": {"following": 1, "user": 14, "post": "a8070c54-1516-49bb-9aca-da599a936a50", "date": "2022-04-06T00:00:00Z"}}, {"model": "post.stream", "pk": 266, "fields": {"following": 1, "user": 14, "post": "6716d27a-4279-497f-aa4a-5e26ed76d309", "date": "2022-04-06T00:00:00Z"}}, {"model": "post.stream", "pk": 267, "fields": {"following": 3, "user": 15, "post": "6b0b575e-d89a-46d6-9bc7-ba22f5e47b82", "date": "2022-01-01T00:00:00Z"}}, {"model": "post.stream", "pk": 268, "fields": {"following": 3, "user": 15, "post": "74c3b968-b99b-48a6-a113-620e33f66854", "date": "2022-02-08T00:00:00Z"}}, {"model": "post.stream", "pk": 269, "fields": {"following": 3, "user": 15, "post": "6735255e-e20a-4d55-a707-a88881073bf4", "date": "2022-02-11T00:00:00Z"}}, {"model": "post.stream", "pk": 270, "fields": {"following": 3, "user": 15, "post": "c68f9e34-a62d-485a-894e-ed8c18fdf1fa", "date": "2022-02-14T00:00:00Z"}}, {"model": "post.stream", "pk": 271, "fields": {"following": 1, "user": 15, "post": "2b0687fc-18bb-4052-8a74-009932e8479f", "date": "2022-01-01T00:00:00Z"}}, {"model": "post.stream", "pk": 272, "fields": {"following": 1, "user": 15, "post": "093638e2-5cad-41f5-b907-fc646d53a961", "date": "2022-02-07T00:00:00Z"}}, {"model": "post.stream", "pk": 273, "fields": {"following": 1, "user": 15, "post": "c91b2ef2-46d6-4f51-a49d-7120a47e0dd1", "date": "2022-02-07T00:00:00Z"}}, {"model": "post.stream", "pk": 274, "fields": {"following": 1, "user": 15, "post": "ca4d252e-f582-4c16-8db5-1c85dbeb440c", "date": "2022-02-07T00:00:00Z"}}, {"model": "post.stream", "pk": 275, "fields": {"following": 1, "user": 15, "post": "bb43e619-7ec8-46cf-aa55-13bfa4c65ee4", "date": "2022-02-08T00:00:00Z"}}, {"model": "post.stream", "pk": 276, "fields": {"following": 1, "user": 15, "post": "eebe00ae-e1ed-47fc-a47d-b270e5d57a49", "date": "2022-02-10T00:00:00Z"}}, {"model": "post.stream", "pk": 277, "fields": {"following": 1, "user": 15, "post": "306e742e-8f12-44f5-b729-496d34506b7c", "date": "2022-02-10T00:00:00Z"}}, {"model": "post.stream", "pk": 278, "fields": {"following": 1, "user": 15, "post": "0a6e0346-6a5f-4848-a1c7-d979df1cc40c", "date": "2022-02-11T00:00:00Z"}}, {"model": "post.stream", "pk": 279, "fields": {"following": 1, "user": 15, "post": "ac4d0850-528f-484d-a2eb-3c365d66768a", "date": "2022-02-11T00:00:00Z"}}, {"model": "post.stream", "pk": 280, "fields": {"following": 1, "user": 15, "post": "a07406a1-1d85-4ad8-823b-74b1fda71023", "date": "2022-02-13T00:00:00Z"}}, {"model": "post.stream", "pk": 281, "fields": {"following": 1, "user": 15, "post": "475c464f-a8d1-4031-939e-c4bb9fa1e167", "date": "2022-02-14T00:00:00Z"}}, {"model": "post.stream", "pk": 282, "fields": {"following": 1, "user": 15, "post": "c7282e7c-a664-4bed-b6d9-656a01cc04d5", "date": "2022-04-06T00:00:00Z"}}, {"model": "post.stream", "pk": 283, "fields": {"following": 1, "user": 15, "post": "3b495cd7-d8d4-4fb5-a124-ff2500c5437a", "date": "2022-04-06T00:00:00Z"}}, {"model": "post.stream", "pk": 284, "fields": {"following": 1, "user": 15, "post": "6a3e2431-9a68-4d26-a762-733fe40d8402", "date": "2022-04-06T00:00:00Z"}}, {"model": "post.stream", "pk": 285, "fields": {"following": 1, "user": 15, "post": "cf12713b-f1fd-40de-b7ce-95b5475afb7d", "date": "2022-04-06T00:00:00Z"}}, {"model": "post.stream", "pk": 286, "fields": {"following": 1, "user": 15, "post": "a8070c54-1516-49bb-9aca-da599a936a50", "date": "2022-04-06T00:00:00Z"}}, {"model": "post.stream", "pk": 287, "fields": {"following": 1, "user": 15, "post": "6716d27a-4279-497f-aa4a-5e26ed76d309", "date": "2022-04-06T00:00:00Z"}}, {"model": "post.stream", "pk": 288, "fields": {"following": 1, "user": 1, "post": "3b495cd7-d8d4-4fb5-a124-ff2500c5437a", "date": "2022-04-06T00:00:00Z"}}, {"model": "post.stream", "pk": 289, "fields": {"following": 1, "user": 3, "post": "3b495cd7-d8d4-4fb5-a124-ff2500c5437a", "date": "2022-04-06T00:00:00Z"}}, {"model": "post.stream", "pk": 290, "fields": {"following": 1, "user": 12, "post": "3b495cd7-d8d4-4fb5-a124-ff2500c5437a", "date": "2022-04-06T00:00:00Z"}}, {"model": "post.stream", "pk": 291, "fields": {"following": 1, "user": 13, "post": "3b495cd7-d8d4-4fb5-a124-ff2500c5437a", "date": "2022-04-06T00:00:00Z"}}, {"model": "post.stream", "pk": 292, "fields": {"following": 1, "user": 14, "post": "3b495cd7-d8d4-4fb5-a124-ff2500c5437a", "date": "2022-04-06T00:00:00Z"}}, {"model": "post.stream", "pk": 293, "fields": {"following": 1, "user": 15, "post": "3b495cd7-d8d4-4fb5-a124-ff2500c5437a", "date": "2022-04-06T00:00:00Z"}}, {"model": "post.stream", "pk": 311, "fields": {"following": 1, "user": 16, "post": "2b0687fc-18bb-4052-8a74-009932e8479f", "date": "2022-01-01T00:00:00Z"}}, {"model": "post.stream", "pk": 312, "fields": {"following": 1, "user": 16, "post": "093638e2-5cad-41f5-b907-fc646d53a961", "date": "2022-02-07T00:00:00Z"}}, {"model": "post.stream", "pk": 313, "fields": {"following": 1, "user": 16, "post": "c91b2ef2-46d6-4f51-a49d-7120a47e0dd1", "date": "2022-02-07T00:00:00Z"}}, {"model": "post.stream", "pk": 314, "fields": {"following": 1, "user": 16, "post": "ca4d252e-f582-4c16-8db5-1c85dbeb440c", "date": "2022-02-07T00:00:00Z"}}, {"model": "post.stream", "pk": 315, "fields": {"following": 1, "user": 16, "post": "bb43e619-7ec8-46cf-aa55-13bfa4c65ee4", "date": "2022-02-08T00:00:00Z"}}, {"model": "post.stream", "pk": 316, "fields": {"following": 1, "user": 16, "post": "eebe00ae-e1ed-47fc-a47d-b270e5d57a49", "date": "2022-02-10T00:00:00Z"}}, {"model": "post.stream", "pk": 317, "fields": {"following": 1, "user": 16, "post": "306e742e-8f12-44f5-b729-496d34506b7c", "date": "2022-02-10T00:00:00Z"}}, {"model": "post.stream", "pk": 318, "fields": {"following": 1, "user": 16, "post": "0a6e0346-6a5f-4848-a1c7-d979df1cc40c", "date": "2022-02-11T00:00:00Z"}}, {"model": "post.stream", "pk": 319, "fields": {"following": 1, "user": 16, "post": "ac4d0850-528f-484d-a2eb-3c365d66768a", "date": "2022-02-11T00:00:00Z"}}, {"model": "post.stream", "pk": 320, "fields": {"following": 1, "user": 16, "post": "a07406a1-1d85-4ad8-823b-74b1fda71023", "date": "2022-02-13T00:00:00Z"}}, {"model": "post.stream", "pk": 321, "fields": {"following": 1, "user": 16, "post": "475c464f-a8d1-4031-939e-c4bb9fa1e167", "date": "2022-02-14T00:00:00Z"}}, {"model": "post.stream", "pk": 322, "fields": {"following": 1, "user": 16, "post": "c7282e7c-a664-4bed-b6d9-656a01cc04d5", "date": "2022-04-06T00:00:00Z"}}, {"model": "post.stream", "pk": 323, "fields": {"following": 1, "user": 16, "post": "3b495cd7-d8d4-4fb5-a124-ff2500c5437a", "date": "2022-04-06T00:00:00Z"}}, {"model": "post.stream", "pk": 324, "fields": {"following": 1, "user": 16, "post": "6a3e2431-9a68-4d26-a762-733fe40d8402", "date": "2022-04-06T00:00:00Z"}}, {"model": "post.stream", "pk": 325, "fields": {"following": 1, "user": 16, "post": "cf12713b-f1fd-40de-b7ce-95b5475afb7d", "date": "2022-04-06T00:00:00Z"}}, {"model": "post.stream", "pk": 326, "fields": {"following": 1, "user": 16, "post": "a8070c54-1516-49bb-9aca-da599a936a50", "date": "2022-04-06T00:00:00Z"}}, {"model": "post.stream", "pk": 327, "fields": {"following": 1, "user": 16, "post": "6716d27a-4279-497f-aa4a-5e26ed76d309", "date": "2022-04-06T00:00:00Z"}}, {"model": "post.stream", "pk": 332, "fields": {"following": 3, "user": 16, "post": "6b0b575e-d89a-46d6-9bc7-ba22f5e47b82", "date": "2022-01-01T00:00:00Z"}}, {"model": "post.stream", "pk": 333, "fields": {"following": 3, "user": 16, "post": "74c3b968-b99b-48a6-a113-620e33f66854", "date": "2022-02-08T00:00:00Z"}}, {"model": "post.stream", "pk": 334, "fields": {"following": 3, "user": 16, "post": "6735255e-e20a-4d55-a707-a88881073bf4", "date": "2022-02-11T00:00:00Z"}}, {"model": "post.stream", "pk": 335, "fields": {"following": 3, "user": 16, "post": "c68f9e34-a62d-485a-894e-ed8c18fdf1fa", "date": "2022-02-14T00:00:00Z"}}, {"model": "post.stream", "pk": 336, "fields": {"following": 1, "user": 18, "post": "2b0687fc-18bb-4052-8a74-009932e8479f", "date": "2022-01-01T00:00:00Z"}}, {"model": "post.stream", "pk": 337, "fields": {"following": 1, "user": 18, "post": "093638e2-5cad-41f5-b907-fc646d53a961", "date": "2022-02-07T00:00:00Z"}}, {"model": "post.stream", "pk": 338, "fields": {"following": 1, "user": 18, "post": "c91b2ef2-46d6-4f51-a49d-7120a47e0dd1", "date": "2022-02-07T00:00:00Z"}}, {"model": "post.stream", "pk": 339, "fields": {"following": 1, "user": 18, "post": "ca4d252e-f582-4c16-8db5-1c85dbeb440c", "date": "2022-02-07T00:00:00Z"}}, {"model": "post.stream", "pk": 340, "fields": {"following": 1, "user": 18, "post": "bb43e619-7ec8-46cf-aa55-13bfa4c65ee4", "date": "2022-02-08T00:00:00Z"}}, {"model": "post.stream", "pk": 341, "fields": {"following": 1, "user": 18, "post": "eebe00ae-e1ed-47fc-a47d-b270e5d57a49", "date": "2022-02-10T00:00:00Z"}}, {"model": "post.stream", "pk": 342, "fields": {"following": 1, "user": 18, "post": "306e742e-8f12-44f5-b729-496d34506b7c", "date": "2022-02-10T00:00:00Z"}}, {"model": "post.stream", "pk": 343, "fields": {"following": 1, "user": 18, "post": "0a6e0346-6a5f-4848-a1c7-d979df1cc40c", "date": "2022-02-11T00:00:00Z"}}, {"model": "post.stream", "pk": 344, "fields": {"following": 1, "user": 18, "post": "ac4d0850-528f-484d-a2eb-3c365d66768a", "date": "2022-02-11T00:00:00Z"}}, {"model": "post.stream", "pk": 345, "fields": {"following": 1, "user": 18, "post": "a07406a1-1d85-4ad8-823b-74b1fda71023", "date": "2022-02-13T00:00:00Z"}}, {"model": "post.stream", "pk": 346, "fields": {"following": 1, "user": 18, "post": "475c464f-a8d1-4031-939e-c4bb9fa1e167", "date": "2022-02-14T00:00:00Z"}}, {"model": "post.stream", "pk": 347, "fields": {"following": 1, "user": 18, "post": "c7282e7c-a664-4bed-b6d9-656a01cc04d5", "date": "2022-04-06T00:00:00Z"}}, {"model": "post.stream", "pk": 348, "fields": {"following": 1, "user": 18, "post": "3b495cd7-d8d4-4fb5-a124-ff2500c5437a", "date": "2022-04-06T00:00:00Z"}}, {"model": "post.stream", "pk": 349, "fields": {"following": 1, "user": 18, "post": "6a3e2431-9a68-4d26-a762-733fe40d8402", "date": "2022-04-06T00:00:00Z"}}, {"model": "post.stream", "pk": 350, "fields": {"following": 1, "user": 18, "post": "cf12713b-f1fd-40de-b7ce-95b5475afb7d", "date": "2022-04-06T00:00:00Z"}}, {"model": "post.stream", "pk": 351, "fields": {"following": 1, "user": 18, "post": "a8070c54-1516-49bb-9aca-da599a936a50", "date": "2022-04-06T00:00:00Z"}}, {"model": "post.stream", "pk": 352, "fields": {"following": 1, "user": 18, "post": "6716d27a-4279-497f-aa4a-5e26ed76d309", "date": "2022-04-06T00:00:00Z"}}, {"model": "post.stream", "pk": 353, "fields": {"following": 3, "user": 18, "post": "6b0b575e-d89a-46d6-9bc7-ba22f5e47b82", "date": "2022-01-01T00:00:00Z"}}, {"model": "post.stream", "pk": 354, "fields": {"following": 3, "user": 18, "post": "74c3b968-b99b-48a6-a113-620e33f66854", "date": "2022-02-08T00:00:00Z"}}, {"model": "post.stream", "pk": 355, "fields": {"following": 3, "user": 18, "post": "6735255e-e20a-4d55-a707-a88881073bf4", "date": "2022-02-11T00:00:00Z"}}, {"model": "post.stream", "pk": 356, "fields": {"following": 3, "user": 18, "post": "c68f9e34-a62d-485a-894e-ed8c18fdf1fa", "date": "2022-02-14T00:00:00Z"}}, {"model": "post.stream", "pk": 357, "fields": {"following": 16, "user": 18, "post": "16c86a2f-8d89-4062-bfb1-460ff5b12444", "date": "2022-04-07T00:00:00Z"}}, {"model": "post.stream", "pk": 358, "fields": {"following": 17, "user": 18, "post": "a3051b2d-adc9-45c2-9654-302f86d91aac", "date": "2022-04-07T00:00:00Z"}}, {"model": "post.stream", "pk": 359, "fields": {"following": 17, "user": 18, "post": "a3051b2d-adc9-45c2-9654-302f86d91aac", "date": "2022-04-07T00:00:00Z"}}, {"model": "post.stream", "pk": 360, "fields": {"following": 1, "user": 17, "post": "2b0687fc-18bb-4052-8a74-009932e8479f", "date": "2022-01-01T00:00:00Z"}}, {"model": "post.stream", "pk": 361, "fields": {"following": 1, "user": 17, "post": "093638e2-5cad-41f5-b907-fc646d53a961", "date": "2022-02-07T00:00:00Z"}}, {"model": "post.stream", "pk": 362, "fields": {"following": 1, "user": 17, "post": "c91b2ef2-46d6-4f51-a49d-7120a47e0dd1", "date": "2022-02-07T00:00:00Z"}}, {"model": "post.stream", "pk": 363, "fields": {"following": 1, "user": 17, "post": "ca4d252e-f582-4c16-8db5-1c85dbeb440c", "date": "2022-02-07T00:00:00Z"}}, {"model": "post.stream", "pk": 364, "fields": {"following": 1, "user": 17, "post": "bb43e619-7ec8-46cf-aa55-13bfa4c65ee4", "date": "2022-02-08T00:00:00Z"}}, {"model": "post.stream", "pk": 365, "fields": {"following": 1, "user": 17, "post": "eebe00ae-e1ed-47fc-a47d-b270e5d57a49", "date": "2022-02-10T00:00:00Z"}}, {"model": "post.stream", "pk": 366, "fields": {"following": 1, "user": 17, "post": "306e742e-8f12-44f5-b729-496d34506b7c", "date": "2022-02-10T00:00:00Z"}}, {"model": "post.stream", "pk": 367, "fields": {"following": 1, "user": 17, "post": "0a6e0346-6a5f-4848-a1c7-d979df1cc40c", "date": "2022-02-11T00:00:00Z"}}, {"model": "post.stream", "pk": 368, "fields": {"following": 1, "user": 17, "post": "ac4d0850-528f-484d-a2eb-3c365d66768a", "date": "2022-02-11T00:00:00Z"}}, {"model": "post.stream", "pk": 369, "fields": {"following": 1, "user": 17, "post": "a07406a1-1d85-4ad8-823b-74b1fda71023", "date": "2022-02-13T00:00:00Z"}}, {"model": "post.stream", "pk": 370, "fields": {"following": 1, "user": 17, "post": "475c464f-a8d1-4031-939e-c4bb9fa1e167", "date": "2022-02-14T00:00:00Z"}}, {"model": "post.stream", "pk": 371, "fields": {"following": 1, "user": 17, "post": "c7282e7c-a664-4bed-b6d9-656a01cc04d5", "date": "2022-04-06T00:00:00Z"}}, {"model": "post.stream", "pk": 372, "fields": {"following": 1, "user": 17, "post": "3b495cd7-d8d4-4fb5-a124-ff2500c5437a", "date": "2022-04-06T00:00:00Z"}}, {"model": "post.stream", "pk": 373, "fields": {"following": 1, "user": 17, "post": "6a3e2431-9a68-4d26-a762-733fe40d8402", "date": "2022-04-06T00:00:00Z"}}, {"model": "post.stream", "pk": 374, "fields": {"following": 1, "user": 17, "post": "cf12713b-f1fd-40de-b7ce-95b5475afb7d", "date": "2022-04-06T00:00:00Z"}}, {"model": "post.stream", "pk": 375, "fields": {"following": 1, "user": 17, "post": "a8070c54-1516-49bb-9aca-da599a936a50", "date": "2022-04-06T00:00:00Z"}}, {"model": "post.stream", "pk": 376, "fields": {"following": 1, "user": 17, "post": "6716d27a-4279-497f-aa4a-5e26ed76d309", "date": "2022-04-06T00:00:00Z"}}, {"model": "post.stream", "pk": 394, "fields": {"following": 1, "user": 19, "post": "2b0687fc-18bb-4052-8a74-009932e8479f", "date": "2022-01-01T00:00:00Z"}}, {"model": "post.stream", "pk": 395, "fields": {"following": 1, "user": 19, "post": "093638e2-5cad-41f5-b907-fc646d53a961", "date": "2022-02-07T00:00:00Z"}}, {"model": "post.stream", "pk": 396, "fields": {"following": 1, "user": 19, "post": "c91b2ef2-46d6-4f51-a49d-7120a47e0dd1", "date": "2022-02-07T00:00:00Z"}}, {"model": "post.stream", "pk": 397, "fields": {"following": 1, "user": 19, "post": "ca4d252e-f582-4c16-8db5-1c85dbeb440c", "date": "2022-02-07T00:00:00Z"}}, {"model": "post.stream", "pk": 398, "fields": {"following": 1, "user": 19, "post": "bb43e619-7ec8-46cf-aa55-13bfa4c65ee4", "date": "2022-02-08T00:00:00Z"}}, {"model": "post.stream", "pk": 399, "fields": {"following": 1, "user": 19, "post": "eebe00ae-e1ed-47fc-a47d-b270e5d57a49", "date": "2022-02-10T00:00:00Z"}}, {"model": "post.stream", "pk": 400, "fields": {"following": 1, "user": 19, "post": "306e742e-8f12-44f5-b729-496d34506b7c", "date": "2022-02-10T00:00:00Z"}}, {"model": "post.stream", "pk": 401, "fields": {"following": 1, "user": 19, "post": "0a6e0346-6a5f-4848-a1c7-d979df1cc40c", "date": "2022-02-11T00:00:00Z"}}, {"model": "post.stream", "pk": 402, "fields": {"following": 1, "user": 19, "post": "ac4d0850-528f-484d-a2eb-3c365d66768a", "date": "2022-02-11T00:00:00Z"}}, {"model": "post.stream", "pk": 403, "fields": {"following": 1, "user": 19, "post": "a07406a1-1d85-4ad8-823b-74b1fda71023", "date": "2022-02-13T00:00:00Z"}}, {"model": "post.stream", "pk": 404, "fields": {"following": 1, "user": 19, "post": "475c464f-a8d1-4031-939e-c4bb9fa1e167", "date": "2022-02-14T00:00:00Z"}}, {"model": "post.stream", "pk": 405, "fields": {"following": 1, "user": 19, "post": "c7282e7c-a664-4bed-b6d9-656a01cc04d5", "date": "2022-04-06T00:00:00Z"}}, {"model": "post.stream", "pk": 406, "fields": {"following": 1, "user": 19, "post": "3b495cd7-d8d4-4fb5-a124-ff2500c5437a", "date": "2022-04-06T00:00:00Z"}}, {"model": "post.stream", "pk": 407, "fields": {"following": 1, "user": 19, "post": "6a3e2431-9a68-4d26-a762-733fe40d8402", "date": "2022-04-06T00:00:00Z"}}, {"model": "post.stream", "pk": 408, "fields": {"following": 1, "user": 19, "post": "cf12713b-f1fd-40de-b7ce-95b5475afb7d", "date": "2022-04-06T00:00:00Z"}}, {"model": "post.stream", "pk": 409, "fields": {"following": 1, "user": 19, "post": "a8070c54-1516-49bb-9aca-da599a936a50", "date": "2022-04-06T00:00:00Z"}}, {"model": "post.stream", "pk": 410, "fields": {"following": 1, "user": 19, "post": "6716d27a-4279-497f-aa4a-5e26ed76d309", "date": "2022-04-06T00:00:00Z"}}, {"model": "post.stream", "pk": 411, "fields": {"following": 3, "user": 19, "post": "6b0b575e-d89a-46d6-9bc7-ba22f5e47b82", "date": "2022-01-01T00:00:00Z"}}, {"model": "post.stream", "pk": 412, "fields": {"following": 3, "user": 19, "post": "74c3b968-b99b-48a6-a113-620e33f66854", "date": "2022-02-08T00:00:00Z"}}, {"model": "post.stream", "pk": 413, "fields": {"following": 3, "user": 19, "post": "6735255e-e20a-4d55-a707-a88881073bf4", "date": "2022-02-11T00:00:00Z"}}, {"model": "post.stream", "pk": 414, "fields": {"following": 3, "user": 19, "post": "c68f9e34-a62d-485a-894e-ed8c18fdf1fa", "date": "2022-02-14T00:00:00Z"}}, {"model": "post.stream", "pk": 415, "fields": {"following": 18, "user": 1, "post": "8d70b53a-6577-4664-886d-865e4fd1bf23", "date": "2022-04-07T00:00:00Z"}}, {"model": "post.stream", "pk": 416, "fields": {"following": 18, "user": 1, "post": "32e19de4-c8df-4a00-b817-7b7b3effafdd", "date": "2022-04-07T00:00:00Z"}}, {"model": "post.stream", "pk": 417, "fields": {"following": 18, "user": 1, "post": "4b8af694-cb0a-4154-80d4-5a47ec093830", "date": "2022-04-07T00:00:00Z"}}, {"model": "post.stream", "pk": 418, "fields": {"following": 1, "user": 20, "post": "2b0687fc-18bb-4052-8a74-009932e8479f", "date": "2022-01-01T00:00:00Z"}}, {"model": "post.stream", "pk": 419, "fields": {"following": 1, "user": 20, "post": "093638e2-5cad-41f5-b907-fc646d53a961", "date": "2022-02-07T00:00:00Z"}}, {"model": "post.stream", "pk": 420, "fields": {"following": 1, "user": 20, "post": "c91b2ef2-46d6-4f51-a49d-7120a47e0dd1", "date": "2022-02-07T00:00:00Z"}}, {"model": "post.stream", "pk": 421, "fields": {"following": 1, "user": 20, "post": "ca4d252e-f582-4c16-8db5-1c85dbeb440c", "date": "2022-02-07T00:00:00Z"}}, {"model": "post.stream", "pk": 422, "fields": {"following": 1, "user": 20, "post": "bb43e619-7ec8-46cf-aa55-13bfa4c65ee4", "date": "2022-02-08T00:00:00Z"}}, {"model": "post.stream", "pk": 423, "fields": {"following": 1, "user": 20, "post": "eebe00ae-e1ed-47fc-a47d-b270e5d57a49", "date": "2022-02-10T00:00:00Z"}}, {"model": "post.stream", "pk": 424, "fields": {"following": 1, "user": 20, "post": "306e742e-8f12-44f5-b729-496d34506b7c", "date": "2022-02-10T00:00:00Z"}}, {"model": "post.stream", "pk": 425, "fields": {"following": 1, "user": 20, "post": "0a6e0346-6a5f-4848-a1c7-d979df1cc40c", "date": "2022-02-11T00:00:00Z"}}, {"model": "post.stream", "pk": 426, "fields": {"following": 1, "user": 20, "post": "ac4d0850-528f-484d-a2eb-3c365d66768a", "date": "2022-02-11T00:00:00Z"}}, {"model": "post.stream", "pk": 427, "fields": {"following": 1, "user": 20, "post": "a07406a1-1d85-4ad8-823b-74b1fda71023", "date": "2022-02-13T00:00:00Z"}}, {"model": "post.stream", "pk": 428, "fields": {"following": 1, "user": 20, "post": "475c464f-a8d1-4031-939e-c4bb9fa1e167", "date": "2022-02-14T00:00:00Z"}}, {"model": "post.stream", "pk": 429, "fields": {"following": 1, "user": 20, "post": "c7282e7c-a664-4bed-b6d9-656a01cc04d5", "date": "2022-04-06T00:00:00Z"}}, {"model": "post.stream", "pk": 430, "fields": {"following": 1, "user": 20, "post": "3b495cd7-d8d4-4fb5-a124-ff2500c5437a", "date": "2022-04-06T00:00:00Z"}}, {"model": "post.stream", "pk": 431, "fields": {"following": 1, "user": 20, "post": "6a3e2431-9a68-4d26-a762-733fe40d8402", "date": "2022-04-06T00:00:00Z"}}, {"model": "post.stream", "pk": 432, "fields": {"following": 1, "user": 20, "post": "cf12713b-f1fd-40de-b7ce-95b5475afb7d", "date": "2022-04-06T00:00:00Z"}}, {"model": "post.stream", "pk": 433, "fields": {"following": 1, "user": 20, "post": "a8070c54-1516-49bb-9aca-da599a936a50", "date": "2022-04-06T00:00:00Z"}}, {"model": "post.stream", "pk": 434, "fields": {"following": 1, "user": 20, "post": "6716d27a-4279-497f-aa4a-5e26ed76d309", "date": "2022-04-06T00:00:00Z"}}, {"model": "post.stream", "pk": 438, "fields": {"following": 20, "user": 21, "post": "43faa3e5-7fb5-4904-bdf1-40355e8d12fa", "date": "2024-12-10T00:00:00Z"}}, {"model": "authy.profile", "pk": 1, "fields": {"user": 1, "image": "profile_pciture/desphixs.jpg", "first_name": "Destiny", "last_name": "Franks", "bio": "Software Enginner", "location": "Ulleja Street", "url": "http://www.desphixs.herokuapp.com", "favourite": ["32e19de4-c8df-4a00-b817-7b7b3effafdd", "6b0b575e-d89a-46d6-9bc7-ba22f5e47b82", "74c3b968-b99b-48a6-a113-620e33f66854", "a07406a1-1d85-4ad8-823b-74b1fda71023"]}}, {"model": "authy.profile", "pk": 3, "fields": {"user": 3, "image": "profile_pciture/girl-4778015_1920.jpg", "first_name": "Karen", "last_name": "Bond", "bio": "Qui omnis eveniet veniam et quos laborum Architecto et quisquam esse sunt vel sed quis vel architecto est laborum", "location": "Quod ut d", "url": "https://www.biniwogevunic.ca", "favourite": ["093638e2-5cad-41f5-b907-fc646d53a961", "306e742e-8f12-44f5-b729-496d34506b7c", "6b0b575e-d89a-46d6-9bc7-ba22f5e47b82", "74c3b968-b99b-48a6-a113-620e33f66854", "bb43e619-7ec8-46cf-aa55-13bfa4c65ee4", "eebe00ae-e1ed-47fc-a47d-b270e5d57a49"]}}, {"model": "authy.profile", "pk": 10, "fields": {"user": 12, "image": "profile_pciture/pexels-dinielle-de-veyra-4195345.jpg", "first_name": "Germaine", "last_name": "Watson", "bio": "Ve", "location": "sss", "url": "https://www.instagram.com/p/CNUykJPloRw/", "favourite": []}}, {"model": "authy.profile", "pk": 11, "fields": {"user": 13, "image": "default.jpg", "first_name": null, "last_name": null, "bio": null, "location": null, "url": null, "favourite": []}}, {"model": "authy.profile", "pk": 12, "fields": {"user": 14, "image": "default.jpg", "first_name": null, "last_name": null, "bio": null, "location": null, "url": null, "favourite": []}}, {"model": "authy.profile", "pk": 13, "fields": {"user": 15, "image": "profile_pciture/pexels-estdio-5635815_Z94oF9u.jpg", "first_name": "Alex", "last_name": "Joy", "bio": "Frontend Engineer", "location": "London", "url": "http://www.linkdin.com", "favourite": []}}, {"model": "authy.profile", "pk": 14, "fields": {"user": 16, "image": "profile_pciture/pexels-dinielle-de-veyra-4195345_w1pyPBd.jpg", "first_name": "Gift", "last_name": "Franks", "bio": "Soccer", "location": "Nigeria", "url": "http://www.giftfrankssoccer.com", "favourite": []}}, {"model": "authy.profile", "pk": 15, "fields": {"user": 17, "image": "profile_pciture/portrait-young-woman-who-is-posing-covered-with-black-paint.jpg", "first_name": "Praise", "last_name": "Franks", "bio": "Web Designer", "location": "United KingDom", "url": "http://www.linkdin.com", "favourite": []}}, {"model": "authy.profile", "pk": 16, "fields": {"user": 18, "image": "profile_pciture/WhatsApp_Image_2021-10-18_at_11.10.52_PM.jpeg", "first_name": "Princewill", "last_name": "Mpama", "bio": "Forex Trader | Software Enginner | Youtube", "location": "Ontario USA", "url": "https://www.goprisco.com/get-access/", "favourite": []}}, {"model": "authy.profile", "pk": 17, "fields": {"user": 19, "image": "profile_pciture/photo-amazed-surprised-overjoyed-black-lady-clasps-hands-exclaims-with-s_W1UnDTh.jpg", "first_name": "Faith", "last_name": "Doe", "bio": "Fashion Designer", "location": "United States", "url": "http://www.linkdin.com", "favourite": []}}, {"model": "authy.profile", "pk": 18, "fields": {"user": 20, "image": "default.jpg", "first_name": null, "last_name": null, "bio": null, "location": null, "url": null, "favourite": []}}, {"model": "authy.profile", "pk": 19, "fields": {"user": 21, "image": "default.jpg", "first_name": null, "last_name": null, "bio": null, "location": null, "url": null, "favourite": []}}, {"model": "comment.comment", "pk": 1, "fields": {"post": "ac4d0850-528f-484d-a2eb-3c365d66768a", "user": 1, "body": "this is me", "date": "2022-02-11T20:41:07.346Z"}}, {"model": "comment.comment", "pk": 2, "fields": {"post": "ac4d0850-528f-484d-a2eb-3c365d66768a", "user": 1, "body": "cool guy", "date": "2022-02-11T20:41:14.781Z"}}, {"model": "comment.comment", "pk": 3, "fields": {"post": "ac4d0850-528f-484d-a2eb-3c365d66768a", "user": 1, "body": "I wanna say domething ice", "date": "2022-02-11T20:44:34.667Z"}}, {"model": "comment.comment", "pk": 4, "fields": {"post": "eebe00ae-e1ed-47fc-a47d-b270e5d57a49", "user": 1, "body": "this is anotherr post and i am commenting here", "date": "2022-02-11T20:44:51.956Z"}}, {"model": "comment.comment", "pk": 5, "fields": {"post": "ac4d0850-528f-484d-a2eb-3c365d66768a", "user": 3, "body": "Woah, destiny this is a nice picture", "date": "2022-02-11T20:47:51.394Z"}}, {"model": "comment.comment", "pk": 6, "fields": {"post": "ac4d0850-528f-484d-a2eb-3c365d66768a", "user": 3, "body": "nice picture man!", "date": "2022-02-11T20:48:09.730Z"}}, {"model": "comment.comment", "pk": 7, "fields": {"post": "eebe00ae-e1ed-47fc-a47d-b270e5d57a49", "user": 3, "body": "you guys are so smart", "date": "2022-02-11T20:57:12.183Z"}}, {"model": "comment.comment", "pk": 8, "fields": {"post": "74c3b968-b99b-48a6-a113-620e33f66854", "user": 3, "body": "i am commenting on my post", "date": "2022-02-11T20:57:51.444Z"}}, {"model": "comment.comment", "pk": 10, "fields": {"post": "bb43e619-7ec8-46cf-aa55-13bfa4c65ee4", "user": 3, "body": "i wanna comment here", "date": "2022-02-11T21:08:40.354Z"}}, {"model": "comment.comment", "pk": 11, "fields": {"post": "6735255e-e20a-4d55-a707-a88881073bf4", "user": 3, "body": "Drop your thoughts here guys...", "date": "2022-02-11T21:15:03.122Z"}}, {"model": "comment.comment", "pk": 12, "fields": {"post": "0a6e0346-6a5f-4848-a1c7-d979df1cc40c", "user": 1, "body": "cool", "date": "2022-02-12T19:56:11.005Z"}}, {"model": "comment.comment", "pk": 13, "fields": {"post": "a07406a1-1d85-4ad8-823b-74b1fda71023", "user": 1, "body": "this is the netflix clone", "date": "2022-02-13T14:32:06.956Z"}}, {"model": "comment.comment", "pk": 14, "fields": {"post": "475c464f-a8d1-4031-939e-c4bb9fa1e167", "user": 3, "body": "ji", "date": "2022-02-14T12:29:33.234Z"}}, {"model": "comment.comment", "pk": 15, "fields": {"post": "475c464f-a8d1-4031-939e-c4bb9fa1e167", "user": 3, "body": "ji", "date": "2022-02-14T12:31:11.640Z"}}, {"model": "comment.comment", "pk": 16, "fields": {"post": "a07406a1-1d85-4ad8-823b-74b1fda71023", "user": 3, "body": "nice", "date": "2022-02-14T12:38:56.306Z"}}, {"model": "comment.comment", "pk": 17, "fields": {"post": "a07406a1-1d85-4ad8-823b-74b1fda71023", "user": 1, "body": "hi", "date": "2022-04-06T12:45:15.733Z"}}, {"model": "comment.comment", "pk": 18, "fields": {"post": "c68f9e34-a62d-485a-894e-ed8c18fdf1fa", "user": 14, "body": "ererere", "date": "2022-04-07T14:56:19.482Z"}}, {"model": "comment.comment", "pk": 19, "fields": {"post": "3b495cd7-d8d4-4fb5-a124-ff2500c5437a", "user": 1, "body": "pray always", "date": "2022-04-07T17:36:47.362Z"}}, {"model": "comment.comment", "pk": 20, "fields": {"post": "16c86a2f-8d89-4062-bfb1-460ff5b12444", "user": 16, "body": "this is my house", "date": "2022-04-07T18:05:50.229Z"}}, {"model": "comment.comment", "pk": 21, "fields": {"post": "16c86a2f-8d89-4062-bfb1-460ff5b12444", "user": 17, "body": "i love your house", "date": "2022-04-07T18:09:19.171Z"}}, {"model": "comment.comment", "pk": 22, "fields": {"post": "a3051b2d-adc9-45c2-9654-302f86d91aac", "user": 18, "body": "Such a nice view", "date": "2022-04-07T18:21:18.396Z"}}, {"model": "comment.comment", "pk": 23, "fields": {"post": "7ea81603-0e16-4c03-8493-5aa09a23987c", "user": 19, "body": "This is october", "date": "2022-04-08T03:27:52.530Z"}}, {"model": "comment.comment", "pk": 24, "fields": {"post": "e31723a7-92d8-4ceb-9a03-da1767813bab", "user": 19, "body": "This is amazing", "date": "2022-04-08T03:28:19.576Z"}}, {"model": "comment.comment", "pk": 25, "fields": {"post": "7ea81603-0e16-4c03-8493-5aa09a23987c", "user": 1, "body": "this is amazing", "date": "2022-04-08T03:37:01.929Z"}}, {"model": "comment.comment", "pk": 26, "fields": {"post": "43faa3e5-7fb5-4904-bdf1-40355e8d12fa", "user": 20, "body": "test", "date": "2024-12-10T03:15:23.163Z"}}, {"model": "comment.comment", "pk": 27, "fields": {"post": "43faa3e5-7fb5-4904-bdf1-40355e8d12fa", "user": 20, "body": "test", "date": "2024-12-10T03:23:26.302Z"}}, {"model": "comment.comment", "pk": 28, "fields": {"post": "43faa3e5-7fb5-4904-bdf1-40355e8d12fa", "user": 21, "body": "test2", "date": "2024-12-10T03:23:54.603Z"}}, {"model": "comment.comment", "pk": 29, "fields": {"post": "43faa3e5-7fb5-4904-bdf1-40355e8d12fa", "user": 21, "body": "test again", "date": "2024-12-10T03:33:13.675Z"}}, {"model": "directs.message", "pk": 18, "fields": {"user": 1, "sender": 1, "reciepient": 3, "body": "sdf", "date": "2022-02-12T16:56:00.180Z", "is_read": true}}, {"model": "directs.message", "pk": 19, "fields": {"user": 1, "sender": 1, "reciepient": 3, "body": "hi", "date": "2022-02-12T18:20:44.881Z", "is_read": true}}, {"model": "directs.message", "pk": 20, "fields": {"user": 3, "sender": 1, "reciepient": 1, "body": "hi", "date": "2022-02-12T18:20:44.997Z", "is_read": true}}, {"model": "directs.message", "pk": 21, "fields": {"user": 3, "sender": 3, "reciepient": 1, "body": "hey", "date": "2022-02-12T18:21:43.869Z", "is_read": true}}, {"model": "directs.message", "pk": 22, "fields": {"user": 1, "sender": 3, "reciepient": 3, "body": "hey", "date": "2022-02-12T18:21:43.993Z", "is_read": true}}, {"model": "directs.message", "pk": 23, "fields": {"user": 3, "sender": 3, "reciepient": 1, "body": "hey", "date": "2022-02-12T18:22:42.428Z", "is_read": true}}, {"model": "directs.message", "pk": 24, "fields": {"user": 1, "sender": 3, "reciepient": 3, "body": "hey", "date": "2022-02-12T18:22:42.613Z", "is_read": true}}, {"model": "directs.message", "pk": 25, "fields": {"user": 1, "sender": 1, "reciepient": 3, "body": "hi there", "date": "2022-02-12T18:23:05.223Z", "is_read": true}}, {"model": "directs.message", "pk": 26, "fields": {"user": 3, "sender": 1, "reciepient": 1, "body": "hi there", "date": "2022-02-12T18:23:05.323Z", "is_read": true}}, {"model": "directs.message", "pk": 29, "fields": {"user": 1, "sender": 1, "reciepient": 3, "body": "", "date": "2022-02-12T18:24:04.887Z", "is_read": true}}, {"model": "directs.message", "pk": 30, "fields": {"user": 3, "sender": 1, "reciepient": 1, "body": "", "date": "2022-02-12T18:24:05.015Z", "is_read": true}}, {"model": "directs.message", "pk": 31, "fields": {"user": 1, "sender": 1, "reciepient": 3, "body": "", "date": "2022-02-12T18:24:08.052Z", "is_read": true}}, {"model": "directs.message", "pk": 32, "fields": {"user": 3, "sender": 1, "reciepient": 1, "body": "", "date": "2022-02-12T18:24:08.172Z", "is_read": true}}, {"model": "directs.message", "pk": 37, "fields": {"user": 1, "sender": 1, "reciepient": 3, "body": "f", "date": "2022-02-12T18:33:06.331Z", "is_read": true}}, {"model": "directs.message", "pk": 38, "fields": {"user": 3, "sender": 1, "reciepient": 1, "body": "f", "date": "2022-02-12T18:33:06.430Z", "is_read": true}}, {"model": "directs.message", "pk": 41, "fields": {"user": 1, "sender": 1, "reciepient": 3, "body": "fff", "date": "2022-02-12T18:38:16.335Z", "is_read": true}}, {"model": "directs.message", "pk": 42, "fields": {"user": 3, "sender": 1, "reciepient": 1, "body": "fff", "date": "2022-02-12T18:38:16.478Z", "is_read": true}}, {"model": "directs.message", "pk": 45, "fields": {"user": 1, "sender": 1, "reciepient": 3, "body": "this is a long messag and i am checkig smethi\r\n", "date": "2022-02-12T19:46:22.384Z", "is_read": true}}, {"model": "directs.message", "pk": 46, "fields": {"user": 3, "sender": 1, "reciepient": 1, "body": "this is a long messag and i am checkig smethi\r\n", "date": "2022-02-12T19:46:22.504Z", "is_read": true}}, {"model": "directs.message", "pk": 47, "fields": {"user": 1, "sender": 1, "reciepient": 3, "body": "yello\r\n", "date": "2022-02-12T19:48:11.447Z", "is_read": true}}, {"model": "directs.message", "pk": 48, "fields": {"user": 3, "sender": 1, "reciepient": 1, "body": "yello\r\n", "date": "2022-02-12T19:48:11.551Z", "is_read": true}}, {"model": "directs.message", "pk": 51, "fields": {"user": 1, "sender": 1, "reciepient": 3, "body": "Say Hello", "date": "2022-02-13T21:23:54.917Z", "is_read": true}}, {"model": "directs.message", "pk": 52, "fields": {"user": 3, "sender": 1, "reciepient": 1, "body": "Say Hello", "date": "2022-02-13T21:23:55.045Z", "is_read": true}}, {"model": "directs.message", "pk": 53, "fields": {"user": 1, "sender": 1, "reciepient": 3, "body": "hi\r\n", "date": "2022-02-13T21:24:02.101Z", "is_read": true}}, {"model": "directs.message", "pk": 54, "fields": {"user": 3, "sender": 1, "reciepient": 1, "body": "hi\r\n", "date": "2022-02-13T21:24:02.190Z", "is_read": true}}, {"model": "directs.message", "pk": 55, "fields": {"user": 1, "sender": 1, "reciepient": 3, "body": "Say Hello", "date": "2022-02-13T21:24:32.374Z", "is_read": true}}, {"model": "directs.message", "pk": 56, "fields": {"user": 3, "sender": 1, "reciepient": 1, "body": "Say Hello", "date": "2022-02-13T21:24:32.470Z", "is_read": true}}, {"model": "directs.message", "pk": 57, "fields": {"user": 3, "sender": 3, "reciepient": 1, "body": "Say Hello", "date": "2022-02-13T21:44:02.383Z", "is_read": true}}, {"model": "directs.message", "pk": 58, "fields": {"user": 1, "sender": 3, "reciepient": 3, "body": "Say Hello", "date": "2022-02-13T21:44:02.477Z", "is_read": true}}, {"model": "directs.message", "pk": 59, "fields": {"user": 3, "sender": 3, "reciepient": 1, "body": "hey there, say something", "date": "2022-02-13T21:44:39.892Z", "is_read": true}}, {"model": "directs.message", "pk": 60, "fields": {"user": 1, "sender": 3, "reciepient": 3, "body": "hey there, say something", "date": "2022-02-13T21:44:40.073Z", "is_read": true}}, {"model": "directs.message", "pk": 61, "fields": {"user": 3, "sender": 3, "reciepient": 1, "body": "hi", "date": "2022-02-13T21:50:02.129Z", "is_read": true}}, {"model": "directs.message", "pk": 62, "fields": {"user": 1, "sender": 3, "reciepient": 3, "body": "hi", "date": "2022-02-13T21:50:02.243Z", "is_read": true}}, {"model": "directs.message", "pk": 63, "fields": {"user": 3, "sender": 3, "reciepient": 1, "body": "sdf", "date": "2022-02-13T21:51:04.619Z", "is_read": true}}, {"model": "directs.message", "pk": 64, "fields": {"user": 1, "sender": 3, "reciepient": 3, "body": "sdf", "date": "2022-02-13T21:51:04.730Z", "is_read": true}}, {"model": "directs.message", "pk": 67, "fields": {"user": 3, "sender": 3, "reciepient": 1, "body": "ho", "date": "2022-02-13T21:52:04.714Z", "is_read": true}}, {"model": "directs.message", "pk": 68, "fields": {"user": 1, "sender": 3, "reciepient": 3, "body": "ho", "date": "2022-02-13T21:52:04.865Z", "is_read": true}}, {"model": "directs.message", "pk": 69, "fields": {"user": 3, "sender": 3, "reciepient": 1, "body": "hi", "date": "2022-02-13T21:52:15.922Z", "is_read": true}}, {"model": "directs.message", "pk": 70, "fields": {"user": 1, "sender": 3, "reciepient": 3, "body": "hi", "date": "2022-02-13T21:52:16.020Z", "is_read": true}}, {"model": "directs.message", "pk": 71, "fields": {"user": 1, "sender": 1, "reciepient": 3, "body": "ttt\r\n", "date": "2022-02-13T21:52:26.093Z", "is_read": true}}, {"model": "directs.message", "pk": 72, "fields": {"user": 3, "sender": 1, "reciepient": 1, "body": "ttt\r\n", "date": "2022-02-13T21:52:26.188Z", "is_read": true}}, {"model": "directs.message", "pk": 73, "fields": {"user": 3, "sender": 3, "reciepient": 1, "body": "gey", "date": "2022-02-13T21:54:16.816Z", "is_read": true}}, {"model": "directs.message", "pk": 74, "fields": {"user": 1, "sender": 3, "reciepient": 3, "body": "gey", "date": "2022-02-13T21:54:17.069Z", "is_read": true}}, {"model": "directs.message", "pk": 93, "fields": {"user": 1, "sender": 1, "reciepient": 3, "body": "GEE", "date": "2022-02-14T13:58:09.779Z", "is_read": true}}, {"model": "directs.message", "pk": 94, "fields": {"user": 3, "sender": 1, "reciepient": 1, "body": "GEE", "date": "2022-02-14T13:58:09.988Z", "is_read": true}}, {"model": "directs.message", "pk": 95, "fields": {"user": 1, "sender": 1, "reciepient": 3, "body": "Say Hello", "date": "2022-04-06T12:48:01.018Z", "is_read": true}}, {"model": "directs.message", "pk": 96, "fields": {"user": 3, "sender": 1, "reciepient": 1, "body": "Say Hello", "date": "2022-04-06T12:48:01.146Z", "is_read": true}}, {"model": "directs.message", "pk": 97, "fields": {"user": 1, "sender": 1, "reciepient": 3, "body": "hi", "date": "2022-04-06T12:48:08.228Z", "is_read": true}}, {"model": "directs.message", "pk": 98, "fields": {"user": 3, "sender": 1, "reciepient": 1, "body": "hi", "date": "2022-04-06T12:48:08.394Z", "is_read": true}}, {"model": "directs.message", "pk": 99, "fields": {"user": 14, "sender": 14, "reciepient": 1, "body": "Say Hello", "date": "2022-04-07T14:57:20.476Z", "is_read": true}}, {"model": "directs.message", "pk": 100, "fields": {"user": 1, "sender": 14, "reciepient": 14, "body": "Say Hello", "date": "2022-04-07T14:57:20.577Z", "is_read": true}}, {"model": "directs.message", "pk": 101, "fields": {"user": 14, "sender": 14, "reciepient": 1, "body": "", "date": "2022-04-07T14:57:50.376Z", "is_read": true}}, {"model": "directs.message", "pk": 102, "fields": {"user": 1, "sender": 14, "reciepient": 14, "body": "", "date": "2022-04-07T14:57:50.454Z", "is_read": true}}, {"model": "directs.message", "pk": 103, "fields": {"user": 16, "sender": 16, "reciepient": 3, "body": "", "date": "2022-04-07T18:06:35.159Z", "is_read": true}}, {"model": "directs.message", "pk": 104, "fields": {"user": 3, "sender": 16, "reciepient": 16, "body": "", "date": "2022-04-07T18:06:35.273Z", "is_read": true}}, {"model": "directs.message", "pk": 105, "fields": {"user": 16, "sender": 16, "reciepient": 3, "body": "hi", "date": "2022-04-07T18:06:38.988Z", "is_read": true}}, {"model": "directs.message", "pk": 106, "fields": {"user": 3, "sender": 16, "reciepient": 16, "body": "hi", "date": "2022-04-07T18:06:39.173Z", "is_read": true}}, {"model": "directs.message", "pk": 107, "fields": {"user": 16, "sender": 16, "reciepient": 1, "body": "", "date": "2022-04-07T18:06:52.168Z", "is_read": true}}, {"model": "directs.message", "pk": 108, "fields": {"user": 1, "sender": 16, "reciepient": 16, "body": "", "date": "2022-04-07T18:06:52.263Z", "is_read": true}}, {"model": "directs.message", "pk": 109, "fields": {"user": 16, "sender": 16, "reciepient": 1, "body": "hello destiny", "date": "2022-04-07T18:07:00.588Z", "is_read": true}}, {"model": "directs.message", "pk": 110, "fields": {"user": 1, "sender": 16, "reciepient": 16, "body": "hello destiny", "date": "2022-04-07T18:07:00.741Z", "is_read": true}}, {"model": "directs.message", "pk": 111, "fields": {"user": 1, "sender": 1, "reciepient": 16, "body": "hey gift", "date": "2022-04-07T18:07:44.321Z", "is_read": true}}, {"model": "directs.message", "pk": 112, "fields": {"user": 16, "sender": 1, "reciepient": 1, "body": "hey gift", "date": "2022-04-07T18:07:44.428Z", "is_read": true}}, {"model": "directs.message", "pk": 113, "fields": {"user": 16, "sender": 16, "reciepient": 3, "body": "hey karen, talk to me please", "date": "2022-04-07T18:12:13.726Z", "is_read": true}}, {"model": "directs.message", "pk": 114, "fields": {"user": 3, "sender": 16, "reciepient": 16, "body": "hey karen, talk to me please", "date": "2022-04-07T18:12:13.914Z", "is_read": true}}, {"model": "directs.message", "pk": 115, "fields": {"user": 16, "sender": 16, "reciepient": 1, "body": "big bro wassup", "date": "2022-04-07T18:12:55.133Z", "is_read": true}}, {"model": "directs.message", "pk": 116, "fields": {"user": 1, "sender": 16, "reciepient": 16, "body": "big bro wassup", "date": "2022-04-07T18:12:55.292Z", "is_read": true}}, {"model": "directs.message", "pk": 117, "fields": {"user": 19, "sender": 19, "reciepient": 1, "body": "", "date": "2022-04-08T03:31:24.188Z", "is_read": true}}, {"model": "directs.message", "pk": 118, "fields": {"user": 1, "sender": 19, "reciepient": 19, "body": "", "date": "2022-04-08T03:31:24.324Z", "is_read": true}}, {"model": "directs.message", "pk": 119, "fields": {"user": 19, "sender": 19, "reciepient": 1, "body": "hi", "date": "2022-04-08T03:31:32.107Z", "is_read": true}}, {"model": "directs.message", "pk": 120, "fields": {"user": 1, "sender": 19, "reciepient": 19, "body": "hi", "date": "2022-04-08T03:31:32.281Z", "is_read": true}}, {"model": "directs.message", "pk": 121, "fields": {"user": 1, "sender": 1, "reciepient": 3, "body": "", "date": "2022-04-08T03:32:16.696Z", "is_read": true}}, {"model": "directs.message", "pk": 122, "fields": {"user": 3, "sender": 1, "reciepient": 1, "body": "", "date": "2022-04-08T03:32:16.824Z", "is_read": true}}, {"model": "directs.message", "pk": 123, "fields": {"user": 1, "sender": 1, "reciepient": 3, "body": "hey karen, it's been a while", "date": "2022-04-08T03:32:42.031Z", "is_read": true}}, {"model": "directs.message", "pk": 124, "fields": {"user": 3, "sender": 1, "reciepient": 1, "body": "hey karen, it's been a while", "date": "2022-04-08T03:32:42.247Z", "is_read": true}}, {"model": "directs.message", "pk": 125, "fields": {"user": 3, "sender": 3, "reciepient": 1, "body": "yea", "date": "2022-04-08T03:33:03.782Z", "is_read": true}}, {"model": "directs.message", "pk": 126, "fields": {"user": 1, "sender": 3, "reciepient": 3, "body": "yea", "date": "2022-04-08T03:33:03.881Z", "is_read": true}}, {"model": "directs.message", "pk": 127, "fields": {"user": 3, "sender": 3, "reciepient": 1, "body": "what's up?", "date": "2022-04-08T03:33:10.807Z", "is_read": true}}, {"model": "directs.message", "pk": 128, "fields": {"user": 1, "sender": 3, "reciepient": 3, "body": "what's up?", "date": "2022-04-08T03:33:10.903Z", "is_read": true}}, {"model": "directs.message", "pk": 129, "fields": {"user": 1, "sender": 1, "reciepient": 18, "body": "", "date": "2022-04-08T03:33:52.709Z", "is_read": true}}, {"model": "directs.message", "pk": 130, "fields": {"user": 18, "sender": 1, "reciepient": 1, "body": "", "date": "2022-04-08T03:33:52.872Z", "is_read": true}}, {"model": "directs.message", "pk": 131, "fields": {"user": 1, "sender": 1, "reciepient": 18, "body": "hi princewill", "date": "2022-04-08T03:33:58.449Z", "is_read": true}}, {"model": "directs.message", "pk": 132, "fields": {"user": 18, "sender": 1, "reciepient": 1, "body": "hi princewill", "date": "2022-04-08T03:33:58.661Z", "is_read": true}}, {"model": "notification.notification", "pk": 11, "fields": {"post": "c68f9e34-a62d-485a-894e-ed8c18fdf1fa", "sender": 1, "user": 3, "notification_types": null, "text_preview": "", "date": "2022-02-14T12:35:36.564Z", "is_seen": false}}, {"model": "notification.notification", "pk": 13, "fields": {"post": "a07406a1-1d85-4ad8-823b-74b1fda71023", "sender": 3, "user": 1, "notification_types": 2, "text_preview": "nice", "date": "2022-02-14T12:38:56.480Z", "is_seen": false}}, {"model": "notification.notification", "pk": 14, "fields": {"post": "a07406a1-1d85-4ad8-823b-74b1fda71023", "sender": 1, "user": 1, "notification_types": 2, "text_preview": "hi", "date": "2022-04-06T12:45:15.882Z", "is_seen": false}}, {"model": "notification.notification", "pk": 15, "fields": {"post": "c7282e7c-a664-4bed-b6d9-656a01cc04d5", "sender": 1, "user": 1, "notification_types": null, "text_preview": "", "date": "2022-04-06T12:54:11.248Z", "is_seen": false}}, {"model": "notification.notification", "pk": 18, "fields": {"post": null, "sender": 12, "user": 3, "notification_types": 3, "text_preview": "", "date": "2022-04-07T14:12:48.447Z", "is_seen": false}}, {"model": "notification.notification", "pk": 19, "fields": {"post": null, "sender": 12, "user": 1, "notification_types": 3, "text_preview": "", "date": "2022-04-07T14:13:43.454Z", "is_seen": false}}, {"model": "notification.notification", "pk": 20, "fields": {"post": null, "sender": 12, "user": 12, "notification_types": 3, "text_preview": "", "date": "2022-04-07T14:13:50.375Z", "is_seen": false}}, {"model": "notification.notification", "pk": 21, "fields": {"post": null, "sender": 13, "user": 1, "notification_types": 3, "text_preview": "", "date": "2022-04-07T14:17:47.647Z", "is_seen": false}}, {"model": "notification.notification", "pk": 22, "fields": {"post": null, "sender": 14, "user": 3, "notification_types": 3, "text_preview": "", "date": "2022-04-07T14:51:20.965Z", "is_seen": false}}, {"model": "notification.notification", "pk": 23, "fields": {"post": "c68f9e34-a62d-485a-894e-ed8c18fdf1fa", "sender": 14, "user": 3, "notification_types": 2, "text_preview": "ererere", "date": "2022-04-07T14:56:19.621Z", "is_seen": false}}, {"model": "notification.notification", "pk": 24, "fields": {"post": null, "sender": 14, "user": 1, "notification_types": 3, "text_preview": "", "date": "2022-04-07T14:57:49.117Z", "is_seen": false}}, {"model": "notification.notification", "pk": 25, "fields": {"post": null, "sender": 15, "user": 14, "notification_types": 3, "text_preview": "", "date": "2022-04-07T17:11:48.888Z", "is_seen": false}}, {"model": "notification.notification", "pk": 26, "fields": {"post": null, "sender": 15, "user": 13, "notification_types": 3, "text_preview": "", "date": "2022-04-07T17:11:52.395Z", "is_seen": false}}, {"model": "notification.notification", "pk": 27, "fields": {"post": null, "sender": 15, "user": 12, "notification_types": 3, "text_preview": "", "date": "2022-04-07T17:11:55.078Z", "is_seen": false}}, {"model": "notification.notification", "pk": 28, "fields": {"post": null, "sender": 15, "user": 3, "notification_types": 3, "text_preview": "", "date": "2022-04-07T17:11:57.310Z", "is_seen": false}}, {"model": "notification.notification", "pk": 29, "fields": {"post": null, "sender": 15, "user": 1, "notification_types": 3, "text_preview": "", "date": "2022-04-07T17:12:00.135Z", "is_seen": false}}, {"model": "notification.notification", "pk": 30, "fields": {"post": "3b495cd7-d8d4-4fb5-a124-ff2500c5437a", "sender": 1, "user": 1, "notification_types": null, "text_preview": "", "date": "2022-04-07T17:36:32.136Z", "is_seen": false}}, {"model": "notification.notification", "pk": 31, "fields": {"post": "3b495cd7-d8d4-4fb5-a124-ff2500c5437a", "sender": 1, "user": 1, "notification_types": 2, "text_preview": "pray always", "date": "2022-04-07T17:36:47.597Z", "is_seen": false}}, {"model": "notification.notification", "pk": 32, "fields": {"post": "16c86a2f-8d89-4062-bfb1-460ff5b12444", "sender": 16, "user": 16, "notification_types": null, "text_preview": "", "date": "2022-04-07T18:05:43.131Z", "is_seen": false}}, {"model": "notification.notification", "pk": 33, "fields": {"post": "16c86a2f-8d89-4062-bfb1-460ff5b12444", "sender": 16, "user": 16, "notification_types": 2, "text_preview": "this is my house", "date": "2022-04-07T18:05:50.381Z", "is_seen": false}}, {"model": "notification.notification", "pk": 35, "fields": {"post": null, "sender": 16, "user": 1, "notification_types": 3, "text_preview": "", "date": "2022-04-07T18:06:19.541Z", "is_seen": false}}, {"model": "notification.notification", "pk": 37, "fields": {"post": null, "sender": 16, "user": 3, "notification_types": 3, "text_preview": "", "date": "2022-04-07T18:06:33.818Z", "is_seen": false}}, {"model": "notification.notification", "pk": 39, "fields": {"post": "16c86a2f-8d89-4062-bfb1-460ff5b12444", "sender": 17, "user": 16, "notification_types": null, "text_preview": "", "date": "2022-04-07T18:09:12.720Z", "is_seen": false}}, {"model": "notification.notification", "pk": 40, "fields": {"post": "16c86a2f-8d89-4062-bfb1-460ff5b12444", "sender": 17, "user": 16, "notification_types": 2, "text_preview": "i love your house", "date": "2022-04-07T18:09:19.309Z", "is_seen": false}}, {"model": "notification.notification", "pk": 41, "fields": {"post": "a3051b2d-adc9-45c2-9654-302f86d91aac", "sender": 17, "user": 17, "notification_types": null, "text_preview": "", "date": "2022-04-07T18:11:18.324Z", "is_seen": false}}, {"model": "notification.notification", "pk": 42, "fields": {"post": null, "sender": 18, "user": 1, "notification_types": 3, "text_preview": "", "date": "2022-04-07T18:20:48.259Z", "is_seen": false}}, {"model": "notification.notification", "pk": 43, "fields": {"post": null, "sender": 18, "user": 3, "notification_types": 3, "text_preview": "", "date": "2022-04-07T18:20:51.494Z", "is_seen": false}}, {"model": "notification.notification", "pk": 44, "fields": {"post": null, "sender": 18, "user": 12, "notification_types": 3, "text_preview": "", "date": "2022-04-07T18:20:54.048Z", "is_seen": false}}, {"model": "notification.notification", "pk": 45, "fields": {"post": null, "sender": 18, "user": 15, "notification_types": 3, "text_preview": "", "date": "2022-04-07T18:20:56.874Z", "is_seen": false}}, {"model": "notification.notification", "pk": 46, "fields": {"post": null, "sender": 18, "user": 16, "notification_types": 3, "text_preview": "", "date": "2022-04-07T18:20:59.352Z", "is_seen": false}}, {"model": "notification.notification", "pk": 47, "fields": {"post": null, "sender": 18, "user": 17, "notification_types": 3, "text_preview": "", "date": "2022-04-07T18:21:01.859Z", "is_seen": false}}, {"model": "notification.notification", "pk": 48, "fields": {"post": "a3051b2d-adc9-45c2-9654-302f86d91aac", "sender": 18, "user": 17, "notification_types": null, "text_preview": "", "date": "2022-04-07T18:21:10.212Z", "is_seen": false}}, {"model": "notification.notification", "pk": 49, "fields": {"post": "a3051b2d-adc9-45c2-9654-302f86d91aac", "sender": 18, "user": 17, "notification_types": 2, "text_preview": "Such a nice view", "date": "2022-04-07T18:21:18.697Z", "is_seen": false}}, {"model": "notification.notification", "pk": 50, "fields": {"post": null, "sender": 17, "user": 1, "notification_types": 3, "text_preview": "", "date": "2022-04-07T20:36:51.218Z", "is_seen": false}}, {"model": "notification.notification", "pk": 51, "fields": {"post": "7ea81603-0e16-4c03-8493-5aa09a23987c", "sender": 19, "user": 19, "notification_types": null, "text_preview": "", "date": "2022-04-08T03:27:09.762Z", "is_seen": false}}, {"model": "notification.notification", "pk": 52, "fields": {"post": "7ea81603-0e16-4c03-8493-5aa09a23987c", "sender": 19, "user": 19, "notification_types": 2, "text_preview": "This is october", "date": "2022-04-08T03:27:52.730Z", "is_seen": false}}, {"model": "notification.notification", "pk": 53, "fields": {"post": "e31723a7-92d8-4ceb-9a03-da1767813bab", "sender": 19, "user": 19, "notification_types": 2, "text_preview": "This is amazing", "date": "2022-04-08T03:28:19.775Z", "is_seen": false}}, {"model": "notification.notification", "pk": 55, "fields": {"post": null, "sender": 19, "user": 1, "notification_types": 3, "text_preview": "", "date": "2022-04-08T03:28:55.003Z", "is_seen": false}}, {"model": "notification.notification", "pk": 56, "fields": {"post": null, "sender": 19, "user": 3, "notification_types": 3, "text_preview": "", "date": "2022-04-08T03:30:03.503Z", "is_seen": false}}, {"model": "notification.notification", "pk": 57, "fields": {"post": null, "sender": 19, "user": 15, "notification_types": 3, "text_preview": "", "date": "2022-04-08T03:30:54.863Z", "is_seen": false}}, {"model": "notification.notification", "pk": 58, "fields": {"post": null, "sender": 1, "user": 18, "notification_types": 3, "text_preview": "", "date": "2022-04-08T03:33:50.277Z", "is_seen": false}}, {"model": "notification.notification", "pk": 59, "fields": {"post": "7ea81603-0e16-4c03-8493-5aa09a23987c", "sender": 1, "user": 19, "notification_types": null, "text_preview": "", "date": "2022-04-08T03:36:47.166Z", "is_seen": false}}, {"model": "notification.notification", "pk": 60, "fields": {"post": "7ea81603-0e16-4c03-8493-5aa09a23987c", "sender": 1, "user": 19, "notification_types": 2, "text_preview": "this is amazing", "date": "2022-04-08T03:37:02.066Z", "is_seen": false}}, {"model": "notification.notification", "pk": 61, "fields": {"post": "7ea81603-0e16-4c03-8493-5aa09a23987c", "sender": 1, "user": 19, "notification_types": null, "text_preview": "", "date": "2022-04-08T03:37:12.211Z", "is_seen": false}}, {"model": "notification.notification", "pk": 63, "fields": {"post": null, "sender": 20, "user": 1, "notification_types": 3, "text_preview": "", "date": "2024-12-10T03:03:45.110Z", "is_seen": false}}, {"model": "notification.notification", "pk": 64, "fields": {"post": "43faa3e5-7fb5-4904-bdf1-40355e8d12fa", "sender": 20, "user": 20, "notification_types": null, "text_preview": "", "date": "2024-12-10T03:03:59.371Z", "is_seen": false}}, {"model": "notification.notification", "pk": 65, "fields": {"post": "43faa3e5-7fb5-4904-bdf1-40355e8d12fa", "sender": 20, "user": 20, "notification_types": null, "text_preview": "", "date": "2024-12-10T03:04:45.213Z", "is_seen": false}}, {"model": "notification.notification", "pk": 67, "fields": {"post": "43faa3e5-7fb5-4904-bdf1-40355e8d12fa", "sender": 20, "user": 20, "notification_types": 2, "text_preview": "test", "date": "2024-12-10T03:15:23.169Z", "is_seen": false}}, {"model": "notification.notification", "pk": 68, "fields": {"post": "43faa3e5-7fb5-4904-bdf1-40355e8d12fa", "sender": 20, "user": 20, "notification_types": null, "text_preview": "", "date": "2024-12-10T03:23:24.512Z", "is_seen": false}}, {"model": "notification.notification", "pk": 69, "fields": {"post": "43faa3e5-7fb5-4904-bdf1-40355e8d12fa", "sender": 20, "user": 20, "notification_types": 2, "text_preview": "test", "date": "2024-12-10T03:23:26.309Z", "is_seen": false}}, {"model": "notification.notification", "pk": 71, "fields": {"post": "43faa3e5-7fb5-4904-bdf1-40355e8d12fa", "sender": 21, "user": 20, "notification_types": null, "text_preview": "", "date": "2024-12-10T03:23:51.584Z", "is_seen": false}}, {"model": "notification.notification", "pk": 72, "fields": {"post": "43faa3e5-7fb5-4904-bdf1-40355e8d12fa", "sender": 21, "user": 20, "notification_types": 1, "text_preview": "mohab22 liked your post", "date": "2024-12-10T03:23:51.589Z", "is_seen": false}}, {"model": "notification.notification", "pk": 73, "fields": {"post": "43faa3e5-7fb5-4904-bdf1-40355e8d12fa", "sender": 21, "user": 20, "notification_types": 2, "text_preview": "test2", "date": "2024-12-10T03:23:54.607Z", "is_seen": false}}, {"model": "notification.notification", "pk": 74, "fields": {"post": null, "sender": 20, "user": 21, "notification_types": 3, "text_preview": "", "date": "2024-12-10T03:28:49.431Z", "is_seen": false}}, {"model": "notification.notification", "pk": 76, "fields": {"post": "43faa3e5-7fb5-4904-bdf1-40355e8d12fa", "sender": 21, "user": 20, "notification_types": 2, "text_preview": "test again", "date": "2024-12-10T03:33:13.680Z", "is_seen": false}}, {"model": "notification.notification", "pk": 77, "fields": {"post": null, "sender": 21, "user": 20, "notification_types": 3, "text_preview": "", "date": "2024-12-10T03:37:43.951Z", "is_seen": false}}]